--MAX 1
INSERT INTO emissora VALUES('27.865.757/0063-05', 'Globo Comunicacao e Participacoes S/A', 'Rede Globo', 'R Jardim Botanico, 518, Lote 01 Pal 44943, Jardim Botanico, Rio De Janeiro, RJ, CEP 22461-000, Brasil', TO_DATE('26.04.1965','DD.MM.YYYY')),

--elenco, financeiro, jornalismo
INSERT INTO departamento VALUES('123', 'Administrativo', '(21)3371-2230', '28', '27.865.757/0063-05')
INSERT INTO departamento VALUES('456', 'Elenco', '(21)3371-2250', '50', '27.865.757/0063-05')
INSERT INTO departamento VALUES('789', 'Jornalismo', '(21)3371-2270', '135', '27.865.757/0063-05')
INSERT INTO departamento VALUES('445', 'Entretenimento', '(21)3371-2300', '99', '27.865.757/0063-05')

--Deve existir obrigatoriamente o tipo “Gerente”, 
--pois o funcionário deste tipo é quem irá gerenciar 
--determinado departamento. Notem também que tem outro tipo de 
--funcionário “obrigatório” de acordo com o modelo: o funcionário que exibe o jornal.

INSERT INTO tipoFuncionario VALUES('1234', '1000,00', 'Gerente')
INSERT INTO tipoFuncionario VALUES('1357', '1000,00', 'Ancora')
INSERT INTO tipoFuncionario VALUES('1111', '1000,00', 'Jornalista')
INSERT INTO tipoFuncionario VALUES('9090', '1000,00', 'Ator/Atriz')
INSERT INTO tipoFuncionario VALUES('5566', '1000,00', 'Seguranca')
INSERT INTO tipoFuncionario VALUES('9876', '1000,00', 'Cameraman')
INSERT INTO tipoFuncionario VALUES('4534', '1000,00', 'Diretor')
INSERT INTO tipoFuncionario VALUES('2567', '1000,00', 'Presidente')

--presidente inserido
-- 4 jornalistas inseridos
-- 5 gerentes inseridos
-- esqueci os salarios

--presidente
INSERT INTO funcionario VALUES('85309520', 'Francis Underwood', TO_DATE('05.11.1959','DD.MM.YYYY'), '123.456.789-1', '500000,00', '2567')
-- jornalistas
INSERT INTO funcionario VALUES('89798797', 'Robin Scherbatsky', TO_DATE('23.07.1980','DD.MM.YYYY'), '431.423.623-2', '8000,00', '1111')
INSERT INTO funcionario VALUES('14525435', 'Clark Kent', TO_DATE('02.05.1983','DD.MM.YYYY'), '532.246.625-4' ,'1111')
INSERT INTO funcionario VALUES('12312321', 'Marcelo Cosme', TO_DATE('01.12.1980', 'DD.MM.YYYY'),'389.901.109-9','1111')
INSERT INTO funcionario VALUES('34635464', 'Gloria Maria',  TO_DATE('15.08.1949', 'DD.MM.YYYY'), '983.533.356-2', '1111')
INSERT INTO funcionario VALUES('13523525', 'Tadeu Schmidt', TO_DATE('18.07.1974', 'DD.MM.YYYY'), '185.150.183-9', '1111')
INSERT INTO funcionario VALUES('18502850', 'Fernanda Gentil', TO_DATE('23.11.1986', 'DD.MM.YYYY'), '901.134.013-2', '1111')
--gerentes
INSERT INTO funcionario VALUES('62565654', 'Barney Stinson', TO_DATE('18.02.1978', 'DD.MM.YYYY'), '152.245.767-5', '1234')
INSERT INTO funcionario VALUES('19441905', 'Homer Simpson', TO_DATE('01.03.1949', 'DD.MM.YYYY'), '145.234.245-8', '1234')
INSERT INTO funcionario VALUES('13456563', 'Bruce Wayne', TO_DATE('15.11.1980', 'DD.MM.YYYY'), '131.314.314-9', '1234')
INSERT INTO funcionario VALUES('67645765', 'Hermione Granger', TO_DATE('03.09.1982', 'DD.MM.YYYY'), '123.324.423-9', '1234')
INSERT INTO funcionario VALUES('14324324', 'Dexter Morgan', TO_DATE('15.03.1973', 'DD.MM.YYYY'), '145.245.423-3', '1234')
-- ator/atriz
INSERT INTO funcionario VALUES('13143154', 'Cleo Pires', TO_DATE('02.10.1982', 'DD.MM.YYYY'), '132.234.562-2', '9090')
INSERT INTO funcionario VALUES('52656562', 'Bruna Marquezine', TO_DATE('04.08.1995', 'DD.MM.YYYY'), '514.145.145-1', '9090')
INSERT INTO funcionario VALUES('63634643', 'Thiago Fragoso', TO_DATE('01.11.1981', 'DD.MM.YYYY'), '134.542.243-4', '9090')
INSERT INTO funcionario VALUES('42354355', 'Bruno Gagliasso', TO_DATE('13.04.1982', 'DD.MM.YYYY'), '254.245.625-3', '9090')
INSERT INTO funcionario VALUES('62565626', 'Giovana Ewbank', TO_DATE('14.09.1986', 'DD.MM.YYYY'), '154.145.431-6', '9090')
INSERT INTO funcionario VALUES('24535344', 'Gloria Pires', TO_DATE('23.08.1963', 'DD.MM.YYYY'), '134.356.345-0', '9090')
INSERT INTO funcionario VALUES('14321555', 'Tarcisio Meira', TO_DATE('05.10.1935', 'DD.MM.YYYY'), '245.234.756-7', '9090')
INSERT INTO funcionario VALUES('42623002', 'Renata Sorrah', TO_DATE('21.02.1947', 'DD.MM.YYYY'), '235.092.308-4', '9090')
INSERT INTO funcionario VALUES('14589024', 'Alinne Moraes', TO_DATE('22.12.1982', 'DD.MM.YYYY'), '105.138.302-8', '9090')
INSERT INTO funcionario VALUES('81750145', 'Rodrigo Simas', TO_DATE('06.01.1992', 'DD.MM.YYYY'), '190.320.123-9', '9090')
--ancoras
INSERT INTO funcionario VALUES('15643734', 'Willian Bonner', TO_DATE('16.11.1963', 'DD.MM.YYYY'), '425.266.256-0', '1357')
INSERT INTO funcionario VALUES('73768487', 'Patricia Poeta', TO_DATE('19.10.1976', 'DD.MM.YYYY'), '245.763.365-0', '1357')
INSERT INTO funcionario VALUES('32154523', 'Evaristo Costa', TO_DATE('30.09.1976', 'DD.MM.YYYY'), '818.826.835-2', '1357')
INSERT INTO funcionario VALUES('43262368', 'Sandra Annemberg', TO_DATE('05.06.1968', 'DD.MM.YYYY'), '926.827.177-0', '1357')
--diretores
INSERT INTO funcionario VALUES('98765432', 'Jorge Fernando', TO_DATE('29.03.1960', 'DD.MM.YYYY'), '187.184.572-8', '4534')
INSERT INTO funcionario VALUES('14750401', 'Wolf Maia', TO_DATE('10.09.1953', 'DD.MM.YYYY'), '193.128.159-3', '4534')
INSERT INTO funcionario VALUES('11054758', 'Dennis Carvalho', TO_DATE('27.09.1946', 'DD.MM.YYYY'), '158.105.100-2', '4534')
INSERT INTO funcionario VALUES('90185014', 'Fernando Meirelles', TO_DATE('09.11.1955', 'DD.MM.YYYY'), '890.139.301-3', '4534')
--advogados
INSERT INTO funcionario VALUES('32142521', 'Jon Snow', TO_DATE('15.08.1983', 'DD.MM.YYYY'), '383.302.023-1', '5566')
INSERT INTO funcionario VALUES('32512541', 'Jim Gordon', TO_DATE('01.02.1978', 'DD.MM.YYYY'), '717.276.367-1', '5566')
--cameraman
INSERT INTO funcionario VALUES('92180238', 'Cristian Grey', TO_DATE('13.04.1980', 'DD.MM.YYYY'), '830.134.321-9', '9876')
INSERT INTO funcionario VALUES('12398503', 'Ned Stark', TO_DATE('09.08.1964', 'DD.MM.YYYY'), '218.132.213-0', '9876')

--3 funcionarios com 1 dependente
-- 3 funcionarios com 1 ou mais dependentes
 /**
  *Tabela dependente
  * @idFu,             chave primaria e chave estrangeira
  * @nomeCompletoDe,   chave primaria
  * @dataNascimentoDe,
  * @sexoDe*/

INSERT INTO dependente VALUES('34635464', 'Maria Matta da Silva', TO_DATE('13.04.2005', 'DD.MM.YYYY'), 'F') 
INSERT INTO dependente VALUES('34635464', 'Laura Matta da Silva', TO_DATE('28.11.2006', 'DD.MM.YYYY'), 'F') 
INSERT INTO dependente VALUES('19441905', 'Lisa Simpson', TO_DATE('01.01.1997', 'DD.MM.YYYY'), 'F') 
INSERT INTO dependente VALUES('19441905', 'Bart Simpson', TO_DATE('01.04.1996', 'DD.MM.YYYY'), 'M')
INSERT INTO dependente VALUES('19441905', 'Maggie Simpson', TO_DATE('24.08.2003', 'DD.MM.YYYY'), 'F') 
INSERT INTO dependente VALUES('15643734', 'Vinícius Bonner', TO_DATE('21.10.1997', 'DD.MM.YYYY'), 'M')
INSERT INTO dependente VALUES('15643734', 'Laura Bonner', TO_DATE('21.10.1997', 'DD.MM.YYYY'), 'F')
INSERT INTO dependente VALUES('15643734', 'Beatriz Bonner', TO_DATE('21.10.1997', 'DD.MM.YYYY'), 'F')
INSERT INTO dependente VALUES('12398503', 'Sansa Stark', TO_DATE('18.03.1992', 'DD.MM.YYYY'), 'F')
INSERT INTO dependente VALUES('12398503', 'Rob Stark', TO_DATE('13.09.1990', 'DD.MM.YYYY'), 'M')
INSERT INTO dependente VALUES('90185014', 'Francisco Meirelles', TO_DATE('18.09.1988', 'DD.MM.YYYY'), 'M')
INSERT INTO dependente VALUES('90185014', 'Carolina Meirelles', TO_DATE('06.10.1984', 'DD.MM.YYYY'), 'F')
INSERT INTO dependente VALUES('42354355', 'Chissomo Gagliasso', TO_DATE('06.05.2015', 'DD.MM.YYYY'), 'F')
INSERT INTO dependente VALUES('14321555', 'Tarcisio Filho', TO_DATE('22.08.1964', 'DD.MM.YYYY'), 'M')
INSERT INTO dependente VALUES('24535344', 'Cleo Pires', TO_DATE('02.10.1982', 'DD.MM.YYYY'), 'F')
INSERT INTO dependente VALUES('42623002', 'Mariana Simões', TO_DATE('02.12.1981', 'DD.MM.YYYY'), 'F')

--● Um departamento somente pode ser gerenciado por um único funcionário por vez. 
--Por outro lado, um departamento pode ser gerenciado por mais do que um funcionário desde que a data de início da gerencia 
--do novo funcionário seja um dia depois da data de fim da gerência do funcionário anterior.
-- Pelo menos 1 departamento deve possuir somente 1 gerente
-- Pelo menos 1 departamento deve possuir pelo menos 2 gerentes
 /**
  *Tabela gerencia
  * @idDe,
  * @idFu,
  * @dataInicioGe,
  * @dataFimGe **/

INSERT INTO gerencia VALUES('123', '62565654', TO_DATE('02.02.2010', 'DD.MM.YYYY'), TO_DATE('02.11.2016', 'DD.MM.YYYY') )
INSERT INTO gerencia VALUES('123', '19441905', TO_DATE('05.01.2005', 'DD.MM.YYYY'), TO_DATE('29.10.2010', 'DD.MM.YYYY') )
INSERT INTO gerencia VALUES('456', '13456563', TO_DATE('15.11.2008', 'DD.MM.YYYY'), TO_DATE('15.02.2017', 'DD.MM.YYYY') )
INSERT INTO gerencia VALUES('789', '67645765', TO_DATE('24.11.2014', 'DD.MM.YYYY'), TO_DATE('30.11.2021', 'DD.MM.YYYY') )
INSERT INTO gerencia VALUES('445', '14324324', TO_DATE('02.10.2015', 'DD.MM.YYYY'), TO_DATE('02.10.2020', 'DD.MM.YYYY') )

-- Cada departamento deve possuir pelo menos 3 funcionários--
-- Deve existir pelo menos 5 funcionários que trabalharam/trabalham em um mesmo departamento, só que em datas de início distintas
-- Notem que um gerente também é funcionário de um departamento. Ou seja, para que
-- o funcionário seja gerente, deve ser garantido que ele esteja associado ao
-- departamento que ele gerencia.
 /*Tabela trabalho
  * @idDe,         chave primaria
  * @idFu,         chave primaria
  * @dataInicioTr, chave primaria
  * @dataFimTr**/
  
  -- funcionarios que trabalham no departamento administrativo
INSERT INTO trabalho VALUES('123', '62565654', TO_DATE('05.02.2010', 'DD.MM.YYYY'), TO_DATE('05.02.2018', 'DD.MM.YYYY') ) --gerente
INSERT INTO trabalho VALUES('123', '32142521', TO_DATE('16.03.2011', 'DD.MM.YYYY'), TO_DATE('16.03.2017', 'DD.MM.YYYY') )
INSERT INTO trabalho VALUES('123', '85309520', TO_DATE('23.04.2012', 'DD.MM.YYYY'), TO_DATE('23.11.2016', 'DD.MM.YYYY') )
INSERT INTO trabalho VALUES('123', '32512541', TO_DATE('27.05.2014', 'DD.MM.YYYY'), TO_DATE('27.11.2016', 'DD.MM.YYYY') )

-- funcionarios que trabalham no departamento de elenco
INSERT INTO trabalho VALUES('456', '13456563', TO_DATE('24.02.2006', 'DD.MM.YYYY'), TO_DATE('15.02.2017', 'DD.MM.YYYY') ) --gerente
INSERT INTO trabalho VALUES('456', '13143154', TO_DATE('11.04.2007', 'DD.MM.YYYY'), TO_DATE('15.02.2017', 'DD.MM.YYYY') )
INSERT INTO trabalho VALUES('456', '52656562', TO_DATE('01.06.2004', 'DD.MM.YYYY'), TO_DATE('15.02.2017', 'DD.MM.YYYY') )
INSERT INTO trabalho VALUES('456', '63634643', TO_DATE('09.08.2005', 'DD.MM.YYYY'), TO_DATE('15.02.2017', 'DD.MM.YYYY') )
INSERT INTO trabalho VALUES('456', '42354355', TO_DATE('14.10.2006', 'DD.MM.YYYY'), TO_DATE('15.02.2017', 'DD.MM.YYYY') )
INSERT INTO trabalho VALUES('456', '24535344', TO_DATE('17.12.2008', 'DD.MM.YYYY'), TO_DATE('15.02.2017', 'DD.MM.YYYY') )
INSERT INTO trabalho VALUES('456', '14321555', TO_DATE('11.02.2003', 'DD.MM.YYYY'), TO_DATE('15.02.2017', 'DD.MM.YYYY') )
INSERT INTO trabalho VALUES('456', '42623002', TO_DATE('21.03.2014', 'DD.MM.YYYY'), TO_DATE('15.02.2017', 'DD.MM.YYYY') )
INSERT INTO trabalho VALUES('456', '14589024', TO_DATE('12.05.2011', 'DD.MM.YYYY'), TO_DATE('15.02.2017', 'DD.MM.YYYY') )
INSERT INTO trabalho VALUES('456', '81750145', TO_DATE('22.07.2015', 'DD.MM.YYYY'), TO_DATE('15.02.2017', 'DD.MM.YYYY') )

-- funcionarios que trabalham no departamento de  jornalismo
INSERT INTO trabalho VALUES('789', '89798797', TO_DATE('02.01.2008', 'DD.MM.YYYY'), TO_DATE('30.11.2021', 'DD.MM.YYYY') )
INSERT INTO trabalho VALUES('789', '14525435', TO_DATE('04.03.2009', 'DD.MM.YYYY'), TO_DATE('30.11.2021', 'DD.MM.YYYY') )
INSERT INTO trabalho VALUES('789', '12312321', TO_DATE('08.05.2014', 'DD.MM.YYYY'), TO_DATE('30.11.2021', 'DD.MM.YYYY') )
INSERT INTO trabalho VALUES('789', '34635464', TO_DATE('16.07.2013', 'DD.MM.YYYY'), TO_DATE('30.11.2021', 'DD.MM.YYYY') )
INSERT INTO trabalho VALUES('789', '13523525', TO_DATE('28.02.2012', 'DD.MM.YYYY'), TO_DATE('30.11.2021', 'DD.MM.YYYY') )
INSERT INTO trabalho VALUES('789', '18502850', TO_DATE('01.04.2015', 'DD.MM.YYYY'), TO_DATE('30.11.2021', 'DD.MM.YYYY') )
INSERT INTO trabalho VALUES('789', '15643734', TO_DATE('01.06.2000', 'DD.MM.YYYY'), TO_DATE('30.11.2021', 'DD.MM.YYYY') )
INSERT INTO trabalho VALUES('789', '73768487', TO_DATE('02.12.2003', 'DD.MM.YYYY'), TO_DATE('30.11.2021', 'DD.MM.YYYY') )
INSERT INTO trabalho VALUES('789', '32154523', TO_DATE('03.10.2013', 'DD.MM.YYYY'), TO_DATE('30.11.2021', 'DD.MM.YYYY') )
INSERT INTO trabalho VALUES('789', '43262368', TO_DATE('05.01.2011', 'DD.MM.YYYY'), TO_DATE('30.11.2021', 'DD.MM.YYYY') )
INSERT INTO trabalho VALUES('789', '67645765', TO_DATE('08.09.2010', 'DD.MM.YYYY'), TO_DATE('30.11.2021', 'DD.MM.YYYY') )

-- funcionarios que trabalham no departamento de  entretenimento
INSERT INTO trabalho VALUES('445', '14324324', TO_DATE('28.09.2015', 'DD.MM.YYYY'), TO_DATE('02.10.2020', 'DD.MM.YYYY') )-- gerente
INSERT INTO trabalho VALUES('445', '92180238', TO_DATE('24.08.2015', 'DD.MM.YYYY'), TO_DATE('02.10.2020', 'DD.MM.YYYY') )
INSERT INTO trabalho VALUES('445', '98765432', TO_DATE('23.07.2015', 'DD.MM.YYYY'), TO_DATE('02.10.2020', 'DD.MM.YYYY') )
INSERT INTO trabalho VALUES('445', '14750401', TO_DATE('19.06.2015', 'DD.MM.YYYY'), TO_DATE('02.10.2020', 'DD.MM.YYYY') )
INSERT INTO trabalho VALUES('445', '11054758', TO_DATE('18.05.2015', 'DD.MM.YYYY'), TO_DATE('02.10.2020', 'DD.MM.YYYY') )
INSERT INTO trabalho VALUES('445', '90185014', TO_DATE('17.04.2015', 'DD.MM.YYYY'), TO_DATE('02.10.2020', 'DD.MM.YYYY') )

/**
   *Tabela filme
   * @idPr,         chave primaria
   * @tituloPr
   * @descricaoPr
   * @idDe
   * @producaoNacionalEn
   * @anoLancamentoFi
   * @duracaoFi     n˙mero em minutos
   * @generoFi **/

INSERT INTO filme VALUES('1', 'Viagem À Lua', 'O professor Barbenfouillis (Georges Méliès) convence seus colegas a participarem de uma viagem de exploração à Lua. Eles partem em uma nave que aterrissa no olho direito da Lua. Lá eles encontram habitantes hostis que o levam ao seu rei. Os terráqueos conseguem fugir quando descobrem que os inimigos viram fumaça a um simples toque de um guarda-chuva.', '445', 'NÃO', TO_DATE('1902', 'YYYY'), '16', 'Aventura, Fantasia, Ficção científica');
INSERT INTO filme VALUES('2', 'O Martírio de Joana D arc', 'A jovem camponesa Joana D Arc (Maria Falconetti) é condenada à morte por ter liderado o povo francês contra o exército invasor inglês, dizendo que foi inspirada por Jesus e São Miguel. Ela passa pelas suas últimas horas de vida em que é capturada pelos ingleses, levada à prisão, torturada, vai à julgamento por heresia e por fim é executada. Durante todo esse tempo, ela sofre por causa das acusações e também devido ao abandono da Igreja Católica e dos seus compatriotas franceses.', '445', 'NÃO', TO_DATE('1928', 'YYYY'), '110', 'Drama, Biografia, Histórico');
INSERT INTO filme VALUES('3', 'Tempos Modernos', 'Um operário de uma linha de montagem, que testou uma "máquina revolucionária" para evitar a hora do almoço, é levado à loucura pela "monotonia frenética" do seu trabalho. Após um longo período em um sanatório ele fica curado de sua crise nervosa, mas desempregado. Ele deixa o hospital para começar sua nova vida, mas encontra uma crise generalizada e equivocadamente é preso como um agitador comunista, que liderava uma marcha de operários em protesto. Simultaneamente uma jovem rouba comida para salvar suas irmãs famintas, que ainda são bem garotas. Elas não tem mãe e o pai delas está desempregado, mas o pior ainda está por vir, pois ele é morto em um conflito. A lei vai cuidar das órfãs, mas enquanto as menores são levadas a jovem consegue escapar. ', '445', 'NÃO', TO_DATE('1936', 'YYYY'), '83', 'Comédia , Drama, Romance');
INSERT INTO filme VALUES('4', 'O Mágico de Oz', 'Em Kansas, Dorothy (Judy Garland) vive em uma fazenda com seus tios. Quando um tornado ataca a região, ela se abriga dentro de casa. A menina e seu cachorro são carregados pelo ciclone e aterrisam na terra de Oz, caindo em cima da Bruxa Má do Leste e a matando. Dorothy é vista como uma heroína, mas o que ela quer é voltar para Kansas. Para isso, precisará da ajuda do Poderoso Mágico de Oz que mora na Cidade das Esmeraldas. No caminho, ela será ameaçada pela Bruxa Má do Oeste (Margaret Hamilton), que culpa Dorothy pela morte de sua irmã, e encontrará três companheiros: um Espantalho (Ray Bolger) que quer ter um cérebro, um Homem de Lata (Jack Haley) que anseia por um coração e um Leão covarde (Bert Lahr) que precisa de coragem. Será que o Mágico de Oz conseguirá ajudar todos eles? ', '445', 'NÃO', TO_DATE('1939', 'YYYY'), '101', 'Aventura, Família, Fantasia');
INSERT INTO filme VALUES('5', 'Fantasia', 'A integração das grandes obras da música clássica com visuais extremamente criativos e originais da animação. São as seguintes composições que fazem do filme: "Toccata e Fuga em Ré Menor", de Johann Sebastian Bach; "Suíte Quebra-Nozes", de Peter Llich Tchaikovsky; "O Aprendiz de Feiticeiro", de Paul Dukas; "Sagração da Primavera", de Igor Stravinsky; "Sinfonia Pastoral", de Ludwing Van Beethoven; "Dança das Horas", de Almicare Ponchielli; "Noite no Monte Calvo", de Modest Mussorgsky; e "Ave Maria", de Franz Schubert.', '445', 'NÃO', TO_DATE('1940', 'YYYY'), '125', 'Animação, Fantasia, Musical');
INSERT INTO filme VALUES('6', 'Cidadão Kane', 'Dirigido por Orson Welles, o longa conta a ascensão de um mito da imprensa americana. De garoto pobre no interior a magnata de um império do jornalismo e da publicidade mundial. Inspirado na vida do milionário William Randolph Hearst.', '445', 'NÃO', TO_DATE('1941', 'YYYY'), '119', 'Drama');
INSERT INTO filme VALUES('7', 'Roma, Cidade Aberta', 'Roma, 1944. Um dos líderes da Resistência, Giorgio Manfredi (Marcello Pagliero), é procurado pelo nazistas. Giorgio planeja entregar um milhão de liras para seus compatriotas. Ele se esconde no apartamento de Francesco (Francesco Grandjacquet) e pede ajuda à noiva de Francesco, Pina (Anna Magnani), que está grávida. Giorgio planeja deixar um padre católico, Don Pietro (Aldo Fabrizi), fazer a entrega do dinheiro. Quando o prédio é cercado, Francesco é preso pelos alemães e levado para um caminhão. Gritando, Pina corre em sua direção e é metralhada no meio da rua. Giorgio foge para o apartamento de sua amante, Marina (Maria Michi), sem imaginar que este seria o maior erro da sua vida.', '445', 'NÃO', TO_DATE('1945', 'YYYY'), '105', 'Drama, Histórico');
INSERT INTO filme VALUES('8', 'Festim Diabólico', 'Brandon (John Dall) e Philip (Farley Granger) matam David Kentley (Dick Hogan), um colega da escola preparatória, apenas para terem a sensação de praticar um assassinato e provar que conseguem realizar o crime perfeito. Para desafiar os amigos e a família, resolvem convidá-los para uma reunião no apartamento deles, onde colocam a comida em cima de um baú e dentro do mesmo está o corpo da vítima.', '445', 'NÃO', TO_DATE('1948', 'YYYY'), '83', 'Suspense, Drama');
INSERT INTO filme VALUES('9', 'Janela Indiscreta', 'Em Greenwich Village, Nova York, L.B. Jeffries (James Stewart), um fotógrafo profissional, está confinado em seu apartamento por ter quebrado a perna enquanto trabalhava. Como não tem muitas opções de lazer, vasculha a vida dos seus vizinhos com um binóculo, quando vê alguns acontecimentos que o fazem suspeitar que um assassinato foi cometido.', '445', 'NÃO', TO_DATE('1954', 'YYYY'), '110', 'Policial, Suspense');
INSERT INTO filme VALUES('10', '12 Homens e uma Sentença', 'Um jovem porto-riquenho é acusado do brutal crime de ter matado o próprio pai. Quando ele vai a julgamento, doze jurados se reúnem para decidir a sentença, levando em conta que o réu deve ser considerado inocente até que se prove o contrário. Onze dos jurados têm plena certeza de que ele é culpado, e votam pela condenação, mas um jurado acha que é melhor investigar mais para que a sentença seja correta. Para isso ele terá que enfrentar diferentes interpretações dos fatos, e a má vontade dos outros jurados, que só querem ir logo para suas casas. ', '445', 'NÃO', TO_DATE('1957', 'YYYY'), '95', 'Drama');
INSERT INTO filme VALUES('11', 'O Sétimo Selo', 'Após dez anos, um cavaleiro (Max Von Sydow) retorna das Cruzadas e encontra o país devastado pela peste negra. Sua fé em Deus é sensivelmente abalada e enquanto reflete sobre o significado da vida, a Morte (Bengt Ekerot) surge à sua frente querendo levá-lo, pois chegou sua hora. Objetivando ganhar tempo, convida-a para um jogo de xadrez que decidirá se ele parte com a Morte ou não. Tudo depende da sua vitória no jogo e a Morte concorda com o desafio, já que não perde nunca.', '445', 'NÃO', TO_DATE('1957', 'YYYY'), '96', 'Drama, Fantasia');
INSERT INTO filme VALUES('12', 'Um Corpo Que Cai', 'Em São Francisco, o detetive aposentado John "Scottie" Ferguson (James Stewart) sofre de um terrível medo de alturas. Certo dia, encontra com um antigo conhecido, dos tempos de faculdade, que pede que ele siga sua esposa, Madeleine Elster (Kim Novak). John aceita a tarefa e fica encarregado da mulher, seguindo-a por toda a cidade. Ela demonstra uma estranha atração por lugares altos, levando o detetive a enfrentar seus piores medos. Ele começa a acreditar que a mulher é louca, com possíveis tendências suicidas, quando algo estranho acontece nesta missão.', '445', 'NÃO', TO_DATE('1958', 'YYYY'), '129', 'Suspense, Drama, Romance');
INSERT INTO filme VALUES('13', 'Ben-Hur', 'Em Jerusalém, no início do século I, vive Judah Ben-Hur (Charlton Heston), um rico mercador judeu. Mas, com o retorno de Messala (Stephen Boyd), um amigo da juventude que agora é o chefe das legiões romanas na cidade, um desentendimento devido a visões políticas divergentes faz com que Messala condene Ben-Hur a viver como escravo em uma galera romana, mesmo sabendo da inocência do ex-amigo. Mas o destino vai dar a Ben-Hur uma oportunidade de vingança que ninguém poderia imaginar. ', '445', 'NÃO', TO_DATE('1959', 'YYYY'), '212', 'Épico, Aventura, Drama');
INSERT INTO filme VALUES('14', 'Os Incompreendidos', 'Antoine Doinel (Jean-Pierre Léaud) é o filho negligenciado de Gilberte Doinel (Claire Maurier), que parece ter tempo para tudo menos o bem-estar da criança. Julien Doinel (Albert Rémy) não é o pai biológico, mas cria o menino como se fosse seu filho. Gilberte está tendo um caso e não se surpreende quando, por acaso, Julien fica sabendo que Antoine não está indo à aula, pois ela sabia que na hora do colégio o filho a tinha visto com seu amante. A situação se agrava quando Antoine, para justificar sua ausência no colégio, "mata" a mãe. Quando seus pais aparecem na escola, a verdade é descoberta e Julien o esbofeteia na frente de seus colegas. Após isto ele foge de casa e arruma um lugar para dormir. Paralelamente seus pais culpam um ao outro pelo comportamento dele, após lerem a carta na qual ele se despede. No outro dia Antoine vai à escola normalmente. Lá sua mãe o encontra e se mostra preocupada por ele ter passado a noite em uma gráfica. Ela alegremente o aceita de volta, mas os problemas não acabam. Antoine se desentende com um professor, que o acusa de plagiar Balzac. Como ele odeia a escola, sai de casa de novo e para viver é obrigado a fazer pequenos roubos.', '445', 'NÃO', TO_DATE('1959', 'YYYY'), '93', 'Drama, Crime');
INSERT INTO filme VALUES('15', 'Acossado', 'Após roubar um carro em Marselha, Michel Poiccard (Jean-Paul Belmondo) ruma para Paris. No caminho mata um policial, que tentou prendê-lo por excesso de velocidade, e em Paris persuade a relutante Patricia Franchisi (Jean Seberg), uma estudante americana com quem se envolveu, para escondê-lo até receber o dinheiro que lhe devem. Michel promete a Patricia que irão juntos para a Itália, no entanto o crime de Michel está nos jornais e agora não há opção. Ele fica escondido no apartamento de Patricia, onde conversam, namoram, ele fala sobre a morte e ela diz que quer ficar grávida dele. Ele perde a consciência da situação na qual se encontra e anda pela cidade cometendo pequenos delitos, mas quando é visto por um informante começa o final da sua trágica perseguição.', '445', 'NÃO', TO_DATE('1960', 'YYYY'), '89', 'Policial, Drama, Romance');
INSERT INTO filme VALUES('16', 'Psicose', 'Marion Crane é uma secretária (Janet Leigh) que rouba 40 mil dólares da imobiliária onde trabalha para se casar e começar uma nova vida. Durante a fuga à carro, ela enfrenta uma forte tempestade, erra o caminho e chega em um velho hotel. O estabelecimento é administrado por um sujeito atencioso chamado Norman Bates (Anthony Perkins), que nutre um forte respeito e temor por sua mãe. Marion decide passar a noite no local, sem saber o perigo que a cerca. ', '445', 'NÃO', TO_DATE('1960', 'YYYY'), '109', 'Suspense, Terror');
INSERT INTO filme VALUES('17', 'Spartacus', 'Spartacus (Kirk Douglas), um homem que nasceu escravo, labuta para o Império Romano enquanto sonha com o fim da escravidão. Apesar de não ter muito com o que sonhar, pois foi condenado morte por morder um guarda em uma mina na Líbia. Só que seu destino é mudado por um lanista (negociante e treinador de gladiadores), que o compra para ser treinado nas artes de combate e se tornar um gladiador. Até que um dia, dois poderosos patrícios chegam de Roma com suas esposas, que pedem para serem entretidas com dois combates até morte e Spartacus é escolhido para enfrentar um gladiador negro, que vence a luta mas se recusa a matar seu opositor, atirando seu tridente contra a tribuna onde estavam os romanos. Este nobre gesto custa a vida do gladiador negro e enfurece Spartacus de tal maneira que ele acaba liderando uma revolta de escravos, que atinge metade da Itália. Inicialmente as legiões romanas subestimaram seus adversários e foram todas massacradas, por homens que não queriam nada de Roma, além de sua própria liberdade. Até que, quando o Senado Romano toma consciência da gravidade da situação, decide reagir com todo o seu poderio militar.', '445', 'NÃO', TO_DATE('1960', 'YYYY'), '198', 'Histórico, Guerra, Romance, Biografia');
INSERT INTO filme VALUES('18', 'Jules e Jim', 'Paris, início do século XX. Jules (Oskar Werner), um judeu-alemão tímido, e Jim (Henri Serre), um francês extrovertido, se tornam grandes amigos. Eles têm muitos dos mesmos interesses, entretanto procuram alcançá-los de forma bastante diferenciada. Em uma viagem para uma ilha um pouco distante da Grécia, eles vêem uma estátua com um sorriso sem igual e quando voltam à Paris conhecem Catherine (Jeanne Moreau), que se parece com a escultura. Logo os três boêmios se tornam um trio inseparável e eles têm muitos momentos agradáveis em passeios de bicicletas ou idas à praia. Enquanto o cenário político mundial estremece com a possibilidade da Primeira Grande Guerra, eles estão determinados em aproveitar a vida ao máximo e viver para o momento. Jules se apaixona por Catherine e implora a Jim que a deixe cortejá-la e não interfira. Jim concorda, então o trio vai para o sul da França, onde eles tem primorosas férias. Jules propõe casamento a Catherine, que aceita. Um pouco depois de retornarem a Paris eclode a Primeira Guerra Mundial. Assim Catherine e Jules vão para à Alemanha e os dois homens combatem em lados opostos da guerra. Após o armistício, Jules encontra Jim e pede para ele ir visitá-los em sua casa, um chalé no Rhineland. Jules e Catherine têm uma filha de cinco anos, Sabine (Sabine Haudepin). Jim pode ver imediatamente que o matrimônio está em crise. Catherine fala de todos os seus amantes para Jim, mas Jules quer manter o casamento a todo o custo, apesar do caso dela com Albert (Boris Bassiak), um outro amigo. Quando Jules decide que se ele não pode ter Catherine o melhor amigo dele deve tê-la, ele dá a sua aprovação para eles terem uma ligação. Jules se divorcia de Catherine e assim ela e Jim podem se casar, mas após algum tempo Jules quer vê-la imediatamente. Jim tem que voltar a Paris para um negócio e acaba se reencontrando com Gilberte (Vanna Urbino), uma antiga amante. Isto afeta de forma profunda sua relação com Catherine, mas muitas coisas mais iriam acontecer. ', '445', 'NÃO', TO_DATE('1962', 'YYYY'), '105', 'Comédia, Drama, Romance');
INSERT INTO filme VALUES('19', 'O Desprezo', 'Na Itália uma equipe grava sob direção de Fritz Lang um filme baseado na Odisseia, de Homero. Camille (Brigitte Bardot) é casada com Paul (Michel Piccoli), um escritor que foi contratado pelo produtor americano Jeremy (Jack Palance) para escrever o roteiro por 10 mil dólares. O desprezo de Camille começa quando ela passa a acreditar que o marido tentou vendê-la ao produtor, quando ele insiste para que a bela mulher fique sozinha com Jeremy. Uma série de mal-entendidos faz com que a relação do casal vá se fragmentando.', '445', 'NÃO', TO_DATE('1963', 'YYYY'), '105', 'Drama');
INSERT INTO filme VALUES('20', 'Os Pássaros', 'Melanie Daniels (Tippi Hedren) é uma bela e rica socialite que sempre vai atrás do que quer. Um dia ela conhece o advogado Mitch Brenner (Rod Taylor) em um pet shop e fica interessada nele. Após o encontro ela decide procurá-lo em sua cidade. Ela dirige por uma hora até a pacata cidade de Bodega Bay, na Califórnia, onde Mitch costuma passar os finais de semana. Entretanto, Melaine só não sabia que iria vivenciar algo assustador: milhares de pássaros se instalaram na localidade e começam a atacar as pessoas. ', '445', 'NÃO', TO_DATE('1963', 'YYYY'), '120', 'Suspense, Terror');
INSERT INTO filme VALUES('21', 'Dr. Fantástico ou: Como Parei de me Preocupar e Passei a Amar a Bomba', '', '445', 'NÃO', TO_DATE('1964', 'YYYY'), '95', 'Comédia, Guerra');
INSERT INTO filme VALUES('22', 'Repulsa Ao Sexo', 'Em Londres Carol Ledoux (Catherine Deneuve) é uma bela mulher que é sexualmente reprimida e vive com sua irmã mais velha. Ela constantemente resiste aos assédios do seu namorado e também desaprova o amante da irmã. Quando esta viaja com ele em férias, Carol fica sozinha no apartamento e se afunda em uma profunda depressão, passando a ter várias alucinações.', '445', 'NÃO', TO_DATE('1965', 'YYYY'), '106', 'Drama, Terror');
INSERT INTO filme VALUES('23', 'A Corrida do Século', 'O homem-espetáculo, O Grande Leslie, propõe a construtores de automóveis na virada do século XX uma grande corrida entre Nova Iorque e Paris, cruzando todos os Estados Unidos em direção oeste, o Estreito de Bering e a Rússia), e que serviria para incrementar a venda de veículos. O arqui-rival de Leslie, o bigodudo e diabólico Professor Fate, promete derrotá-lo cruzando a linha de chegada com um carro de sua própria invenção.', '445', 'NÃO', TO_DATE('1965', 'YYYY'), '160', 'Esporte, Ação');
INSERT INTO filme VALUES('24', 'Persona', 'Após um desempenho na peça "Electra", uma famosa atriz, Elisabeth Vogler (LIv Ullmann), pára de falar. Sua psiquiatra, Lakaren (Margaretha Krook), a deixa sob os cuidados de Alma (Bibi Andersson), uma dedicada enfermeira. Como já fazem três meses que Elisabet não profere uma palavra, Lakaren decide que ela deva ser mandada para uma isolada casa de praia, com Alma. Na casa Alma fala pelas duas, pois Elisabet continua muda, comunicando-se apenas com pequenos gestos. Com o convívio Alma fica uma pouco enamorada pela atriz. Num dia conta para Elisabeth sobre uma excitante experiência sexual que teve numa praia, com desconhecidos, e a conseqüência desagradável disto. Pouco depois de fazer esta confidência ela lê uma carta que Elisabeth tinha escrito, onde fica chocada ao descobrir que a atriz pensa nela como um divertido objeto de estudo.', '445', 'NÃO', TO_DATE('1966', 'YYYY'), '84', 'Drama, Suspense');
INSERT INTO filme VALUES('25', '2001: Uma Odisseia no Espaço', 'Desde a "Aurora do Homem" (a pré-história), um misterioso monolito negro parece emitir sinais de outra civilização interferindo no nosso planeta. Quatro milhões de anos depois, no século XXI, uma equipe de astronautas liderados pelo experiente David Bowman (Keir Dullea) e Frank Poole (Gary Lockwood) é enviada à Júpiter para investigar o enigmático monolito na nave Discovery, totalmente controlada pelo computador HAL 9000. Entretanto, no meio da viagem HAL entra em pane e tenta assumir o controle da nave, eliminando um a um os tripulantes.', '445', 'NÃO', TO_DATE('1968', 'YYYY'), '141', 'Ficção científica');
INSERT INTO filme VALUES('26', 'Era Uma Vez no Oeste', 'Em virtude das terras que possuía serem futuramente a rota da estrada de ferro, um pai e todos os filhos são brutalmente assassinados por um matador profissional. Entretanto, ninguém sabia que ele, viúvo há seis anos, tinha se casado com um prostituta de Nova Orleans, que passa ser a dona do local e recebe a proteção de um hábil atirador, que tem contas a ajustar com o frio matador.', '445', 'NÃO', TO_DATE('1968', 'YYYY'), '175', 'Faroeste');
INSERT INTO filme VALUES('27', 'O Conformista', 'Roma, 1938. Marcello (Jean-Louis Trintignant) é o mais novo funcionário de Mussollini e flerta com a bela Giulia (Stefania Sandrelli). Casados, os dois vão para Paris em lua de mel. Lá Marcello deve cumprir uma missão designada por seus chefes: eliminar um professor que fugiu da Itália assim que os fascistas assumiram o poder. ', '445', 'NÃO', TO_DATE('1970', 'YYYY'), '111', 'Drama, Suspense');
INSERT INTO filme VALUES('28', 'Laranja Mecânica', 'No futuro, o violento Alex (Malcolm McDowell), líder de uma gangue de delinquentes que matam, roubam e estupram, cai nas mãos da polícia. Preso, ele recebe a opção de participar em um programa que pode reduzir o seu tempo na cadeia. Alex vira cobaia de experimentos destinados a refrear os impulsos destrutivos do ser humano, mas acaba se tornando impotente para lidar com a violência que o cerca.', '445', 'NÃO', TO_DATE('1971', 'YYYY'), '136', ' Ficção científica, Drama, Policial');
INSERT INTO filme VALUES('29', 'Discreto Charme da Burguesia', 'Seis pessoas da classe média burguesa se reúnem para jantar, mas são constantemente interrompidos por uma série de estranhos acontecimentos. ', '445', 'NÃO', TO_DATE('1972', 'YYYY'), '100', 'Comédia dramática, Fantasia');
INSERT INTO filme VALUES('30', 'O Poderoso Chefão', 'Don Vito Corleone (Marlon Brando) é o chefe de uma "família" de Nova York que está feliz, pois Connie (Talia Shire), sua filha, se casou com Carlo (Gianni Russo). Porém, durante a festa, Bonasera (Salvatore Corsitto) é visto no escritório de Don Corleone pedindo "justiça", vingança na verdade contra membros de uma quadrilha, que espancaram barbaramente sua filha por ela ter se recusado a fazer sexo para preservar a honra. Vito discute, mas os argumentos de Bonasera o sensibilizam e ele promete que os homens, que maltrataram a filha de Bonasera não serão mortos, pois ela também não foi, mas serão severamente castigados. Vito porém deixa claro que ele pode chamar Bonasera algum dia para devolver o "favor". Do lado de fora, no meio da festa, está o terceiro filho de Vito, Michael (Al Pacino), um capitão da marinha muito decorado que há pouco voltou da 2ª Guerra Mundial. Universitário educado, sensível e perceptivo, ele quase não é notado pela maioria dos presentes, com exceção de uma namorada da faculdade, Kay Adams (Diane Keaton), que não tem descendência italiana mas que ele ama. Em contrapartida há alguém que é bem notado, Johnny Fontane (Al Martino), um cantor de baladas românticas que provoca gritos entre as jovens que beiram a histeria. Don Corleone já o tinha ajudado, quando Johnny ainda estava em começo de carreira e estava preso por um contrato com o líder de uma grande banda, mas a carreira de Johnny deslanchou e ele queria fazer uma carreira solo. Por ser seu padrinho Vito foi procurar o líder da banda e ofereceu 10 mil dólares para deixar Johnny sair, mas teve o pedido recusado. Assim, no dia seguinte Vito voltou acompanhado por Luca Brasi (Lenny Montana), um capanga, e após uma hora ele assinou a liberação por apenas mil dólares, mas havia um detalhe: nas "negociações" Luca colocou uma arma na cabeça do líder da banda. Agora, no meio da alegria da festa, Johnny quer falar algo sério com Vito, pois precisa conseguir o principal papel em um filme para levantar sua carreira, mas o chefe do estúdio, Jack Woltz (John Marley), nem pensa em contratá-lo. Nervoso, Johnny começa a chorar e Vito, irritado, o esbofeteia, mas promete que ele conseguirá o almejado papel. Enquanto a festa continua acontecendo, Don Corleone comunica a Tom Hagen (Robert Duvall), seu filho adotivo que atua como conselheiro, que Carlo terá um emprego mas nada muito importante, e que os "negócios" não devem ser discutidos na sua frente. Os verdadeiros problemas começam para Vito quando Sollozzo (Al Lettieri), um gângster que tem apoio de uma família rival, encabeçada por Phillip Tattaglia (Victor Rendina) e seu filho Bruno (Tony Giorgio). Sollozzo, em uma reunião com Vito, Sonny e outros, conta para a família que ele pretende estabelecer um grande esquema de vendas de narcóticos em Nova York, mas exige permissão e proteção política de Vito para agir. Don Corleone odeia esta idéia, pois está satisfeito em operar com jogo, mulheres e proteção, mas isto será apenas a ponta do iceberg de uma mortal luta entre as "famílias".', '445', 'NÃO', TO_DATE('1972', 'YYYY'), '175', ' Policial, Drama');
INSERT INTO filme VALUES('31', 'O Último Tango Em Paris', 'Enquanto procura um apartamento em Paris, uma bela jovem (Maria Schneider) conhece um americano (Marlon Brando), cuja esposa recentemente cometeu suicídio. Instantaneamente, um deseja o outro ardentemente e iniciam um tórrido affair. Eles combinam que não revelariam nada de suas vidas, nem mesmo seus nomes, sendo que o objetivo dos encontros seria basicamente sexo. Mas gradativamente os acontecimentos vão fugindo do controle de ambos.', '445', 'NÃO', TO_DATE('1972', 'YYYY'), '129', 'Drama, Romance, Erótico');
INSERT INTO filme VALUES('32', 'Planeta Fantástico', 'No planeta Ygam vive uma raça de seres alienígenas gigantes chamados Draags. Estes seres - que através da meditação atingiram os mais altos níveis do conhecimento - mantêm os humanoides Oms como animais domésticos. Até o dia em que os oprimidos Oms, liderados pelo rebelde Terr, decidem iniciar uma revolução. ', '445', 'NÃO', TO_DATE('1973', 'YYYY'), '72', 'Drama, Ficção científica, Animação');
INSERT INTO filme VALUES('33', 'Barry Lyndon', 'No século XVIII, Barry (Ryan O Neal), um aventureiro irlandês, transgride a lei e é obrigado a deixar sua cidade. Junta-se ao exército para logo em seguida tornar-se espião e traidor. Seu principal objetivo é chegar até a aristocracia através do casamento. Ele consegue, mas após um breve período de felicidade, um triste destino o aguarda. ', '445', 'NÃO', TO_DATE('1975', 'YYYY'), '187', ' Histórico, Aventura, Drama');
INSERT INTO filme VALUES('34', 'Um Estranho no Ninho', 'Randle Patrick McMurphy (Jack Nicholson), um prisioneiro, simula estar insano para não trabalhar e vai para uma instituição para doentes mentais. Lá estimula os internos a se revoltarem contra as rígidas normas impostas pela enfermeira-chefe Ratched (Louise Fletcher), mas não tem idéia do preço que irá pagar por desafiar uma clínica "especializada".', '445', 'NÃO', TO_DATE('1975', 'YYYY'), '129', 'Drama');
INSERT INTO filme VALUES('35', 'Taxi Driver', 'Em Nova York, um homem de 26 anos (Robert De Niro), veterano da Guerra do Vietnã, é um solitário no meio da grande metrópole que ele vagueia noite adentro. Assim começa a trabalhar como motorista de taxi no turno da noite e nele vai crescendo um sentimento de revolta pela miséria, o vício, a violência e a prostituição que estão sempre à sua volta. Perde bastante noção das coisas quando leva uma bela mulher (Cybill Sheperd), que trabalha na campanha de um senador, para ver um filme pornô logo no primeiro encontro, mas tem momentos de altruísmo ao tentar persuadir uma prostituta de 12 anos (Jodie Foster) para ela largar seu cafetão, voltar para a casa de seus pais e ir para a escola. Porém, em contra-partida, compra quatro armas, sendo uma delas um Magnum 44, e articula um atentado contra o senador (que planeja ser presidente) e para quem sua amiga trabalha.', '445', 'NÃO', TO_DATE('1976', 'YYYY'), '115', 'Drama, Policial');
INSERT INTO filme VALUES('36', 'Touro Indomável', 'O pugilista peso-médio Jake LaMotta (Robert De Niro), chamado de "o touro do Bronx", sobe na carreira com a mesma rapidez com que sua vida particular se degrada, graças ao seu temperamento violento e possessivo. Todos ao seu redor são afetados por seu comportamento auto-destrutivo, como seu irmão e empresário Joey LaMotta (Joe Pesci) e sua esposa Vickie (Cathy Moriarty). ', '445', 'NÃO', TO_DATE('1980', 'YYYY'), '129', 'Drama, Biografia');
INSERT INTO filme VALUES('37', 'O Iluminado', 'Durante o inverno, um homem (Jack Nicholson) é contratado para ficar como vigia em um hotel no Colorado e vai para lá com a mulher (Shelley Duvall) e seu filho (Danny Lloyd). Porém, o contínuo isolamento começa a lhe causar problemas mentais sérios e ele vai se tornado cada vez mais agressivo e perigoso, ao mesmo tempo que seu filho passa a ter visões de acontecimentos ocorridos no passado, que também foram causados pelo isolamento excessivo.', '445', 'NÃO', TO_DATE('1980', 'YYYY'), '146', 'Terror, Suspense');
INSERT INTO filme VALUES('38', 'Blade Runner', 'No início do século XXI, uma grande corporação desenvolve um robô que é mais forte e ágil que o ser humano e se equiparando em inteligência. São conhecidos como replicantes e utilizados como escravos na colonização e exploração de outros planetas. Mas, quando um grupo dos robôs mais evoluídos provoca um motim, em uma colônia fora da Terra, este incidente faz os replicantes serem considerados ilegais na Terra, sob pena de morte. A partir de então, policiais de um esquadrão de elite, conhecidos como Blade Runner, têm ordem de atirar para matar em replicantes encontrados na Terra, mas tal ato não é chamado de execução e sim de remoção. Até que, em novembro de 2019, em Los Angeles, quando cinco replicantes chegam à Terra, um ex-Blade Runner (Harrison Ford) é encarregado de caçá-los.', '445', 'NÃO', TO_DATE('1982', 'YYYY'), '117', 'Ficção científica');
INSERT INTO filme VALUES('39', 'Fanny e Alexander', 'No início do século XX, após um alegre Natal na família Ekdahl, o pai de um casal de crianças vem a falecer. Deste momento em diante Alexander (Bertil Guve), o menino, passa a ver o fantasma do pai freqüentemente. Tempos depois Emilie (Ewa Fröling), sua mãe, casa-se com um extremamente rígido religioso e as crianças são obrigadas a deixar a casa da avó paterna, onde foram muito felizes, e passam a viver com a família do padrasto de hábitos severos, onde são tratados como prisioneiros. Na casa do padrasto o menino passa a ver o fantasma da primeira esposa dele e suas filhas, que haviam morrido tentando escapar dele. Decorrido algum tempo, a mãe se conscientiza da real personalidade do marido e de quanto seus filhos sofrem naquela casa, assim planeja um modo de tirá-los daquele lugar e levá-los de volta à casa da avó.', '445', 'NÃO', TO_DATE('1982', 'YYYY'), '340', 'Drama');
INSERT INTO filme VALUES('40', 'Era Uma Vez na América', 'Na década de 20, David Aaronson (Robert De Niro) e Maximillian Bercouicz (James Woods), dois amigos de descendência judaica, crescem juntos cometendo pequenos crimes nas ruas do Lower East Side, Nova York. Gradualmente estes crimes assumem proporções maiores e a Máfia judaica passa a ter tanta força que os amigos do passado se tornam rivais. Esta saga percorre desde seus dias de infância, atravessa o apogeu durante a Lei Seca e retrata o reencontro deles após 35 anos.', '445', 'NÃO', TO_DATE('1984', 'YYYY'), '229', 'Drama, Policial');
INSERT INTO filme VALUES('41', 'Paris, Texas', 'Um homem (Harry Dean Stanton) é encontrado exausto e sem memória em um deserto ao sul dos Estados Unidos. Aos poucos se recordando de sua vida, ele é acolhido pelo irmão Walt (Dean Stockwell), que é casado com Anne (Aurore Clément). Com eles vive também Alex (Hunter Carson), filho do homem sem memória, que aos poucos volta a se identificar com o pai.', '445', 'NÃO', TO_DATE('1984', 'YYYY'), '147', 'Drama');
INSERT INTO filme VALUES('42', 'Blue Velvet', 'Jeffrey Beaumont (Kyle MacLachlan), um rapaz simplório que acaba de voltar à cidade, envolve-se em uma perigosa investigação sobre os negócios de um traficante de drogas (Dennis Hopper) que mantém uma sádica relação com a bela cantora de cabaré Dorothy Vallens (Isabella Rossellini). ', '445', 'NÃO', TO_DATE('1986', 'YYYY'), '120', 'Policial, Drama, Suspense');
INSERT INTO filme VALUES('43', 'Curtindo a Vida Adoidado', 'No último semestre do curso do colégio, Ferris Bueller (Matthew Broderick) sente um incontrolável desejo de matar a aula e planeja um grande programa na cidade com sua namorada (Mia Sara), seu melhor amigo (Alan Ruck) e uma Ferrari. Só que para poder realizar seu desejo ele precisa escapar do diretor do colégio (Jeffrey Jones) e de sua irmã (Jennifer Grey).', '445', 'NÃO', TO_DATE('1986', 'YYYY'), '102', 'Drama, Comédia');
INSERT INTO filme VALUES('44', 'Nascido Para Matar', 'Um sargento (R. Lee Ermey) treina de forma fanática e sádica os recrutas em uma base de treinamentos, na intenção de transformá-los em máquinas de guerra para combater na Guerra do Vietnã. Após serem transformados em fuzileiros navais, eles são enviados para a guerra e quando lá chegam se deparam com seus horrores. ', '445', 'NÃO', TO_DATE('1987', 'YYYY'), '116', 'Guerra, Drama');
INSERT INTO filme VALUES('45', 'O Túmulo dos Vagalumes', 'Os irmão Setsuko e Seita vivem no Japão em meio a Segunda Guerra Mundial. Após a morte da mãe num bombardeio americano e a convocação do pai para a Guerra, eles vão morar com alguns parentes. Insatisfeitos, saem da cidade e acabam num abrigo isolado na floresta, onde lutam contra a fome e as doenças e se divertem com as luzes dos vaga-lumes. ', '445', 'NÃO', TO_DATE('1988', 'YYYY'), '90', 'Animação, Drama, Guerra');
INSERT INTO filme VALUES('46', 'Os Bons Companheiros', 'Henry Hill (Ray Liotta) conta a sua história de garoto do Brooklyn, Nova York, que sempre sonhou ser gângster, começando sua "carreira" aos 11 anos e se tornando protegido de James "Jimmy" Conway (Robert De Niro), um mafioso em ascensão. Tratado como filho por mais de vinte anos, ele se envolve em golpes cada vez maiores e acaba se casando com Karen Hill (Loraine Bracco), sua amante. Impossibilitado de ser totalmente "adotado" pela "família", o jovem ambicioso conquista prestígio, se envolve com o tráfico de drogas, prática grandes roubos e ganha muito dinheiro, mas os agentes federais estão na sua cola e o seu destino pode mudar a qualquer momento.', '445', 'NÃO', TO_DATE('1990', 'YYYY'), '145', 'Policial, Crime');
INSERT INTO filme VALUES('47', 'O Silêncio dos Inocentes', 'A agente do FBI, Clarice Starling (Jodie Foster) é ordenada a encontrar um assassino que arranca a pele de suas vítimas. Para entender como ele pensa, ela procura o periogoso psicopata, Hannibal Lecter (Anthony Hopkins), encarcerado sob a acusação de canibalismo.', '445', 'NÃO', TO_DATE('1991', 'YYYY'), '118', 'Terror, Suspense, Policial');
INSERT INTO filme VALUES('48', 'Thelma & Louise', 'Louise Sawyer (Susan Sarandon) é uma garçonete quarentona e Thelma (Geena Davis) é uma jovem dona-de-casa. Cansadas da vida monótona que levam, as amigas resolvem deixar tudo para trás e pegar a estrada. Durante a viagem, elas se envolvem em um crime e decidem fugir para o México, mas acabam sendo perseguidas pela polícia americana.', '445', 'NÃO', TO_DATE('1991', 'YYYY'), '129', 'Drama, Comédia, Aventura, Suspense, Ação');
INSERT INTO filme VALUES('49', 'Aladdin', 'Após o sultão ordenar que sua filha, a princesa Jasmine, ache um marido rapidamente, ela foge do palácio. Jasmine encontra um tipo meio malandro, Aladdin, que conquista seu coração. Porém ambos são achados pelos guardas de Jafar, o vizir do sultão. Jafar criou um feitiço para dominar o sultão, se casar com Jasmine e se tornar ele mesmo o sultão. Além disto finge que cometeu um engano e mandou decapitar Aladdin, que na verdade está vivo, pois Jafar precisa dele para conseguir uma lâmpada mágica, que é a morada de um poderoso gênio. Mas o plano de Jafar falha, pois Aladdin fica com a lâmpada graças a intervenção de um pequeno macaco, Abu, seu fiel mascote. Quando descobre que há na lâmpada um gênio poderoso, que pode se transformar em qualquer pessoa ou coisa e que lhe concederá três desejos, Aladdin planeja usá-los para conquistar Jasmine, sem imaginar que Jafar é um diabólico inimigo, que precisa ser detido.', '445', 'NÃO', TO_DATE('1992', 'YYYY'), '90', 'Animação, Comédia, Musical, Romance');
INSERT INTO filme VALUES('50', 'Cães de Aluguel', 'Joe Cabot (Lawrence Tierney), um experiente criminoso, reuniu seis bandidos para um grande roubo de diamantes, mas estes seis homens não sabem nada um sobre os outros e cada um utiliza uma cor como codinome. Porém durante o assalto algo saiu errado, pois diversos policiais esperavam no local. Mr. White (Harvey Keitel) levou Mr. Orange (Tim Roth), que na fuga levou um tiro na barriga e morrerá se não tiver logo atendimento médico, para o armazém onde tinha sido combinado que todos se encontrassem. Logo depois chegou Mr. Pink (Steve Buscemi), que está certo que um deles é um policial disfarçado e eles precisam descobrir quem os traiu. Em um clima de acusações mútuas a situação fica cada vez mais insustentável.', '445', 'NÃO', TO_DATE('1992', 'YYYY'), '99', 'Policial, Suspense');
INSERT INTO filme VALUES('51', 'Bad Boy Bubby', 'Bubby viveu 35 anos trancado num cubículo aos caprichos de sua mãe incestuosa e de humor volúvel. Quando o pai inesperadamente retorna, ele mata os dois e sai pelo mundo, sem conhecer a vida e os valores dos homens.', '445', 'NÃO', TO_DATE('1993', 'YYYY'), '144', 'Drama');
INSERT INTO filme VALUES('52', 'A Lista de Schindler', '', '445', 'NÃO', TO_DATE('1993', 'YYYY'), '195', 'Histórico, Drama, Guerra, Biografia');
INSERT INTO filme VALUES('53', 'Forrest Gump', 'Quarenta anos da história dos Estados Unidos, vistos pelos olhos de Forrest Gump (Tom Hanks), um rapaz com QI abaixo da média e boas intenções. Por obra do acaso, ele consegue participar de momentos cruciais, como a Guerra do Vietnã e Watergate, mas continua pensando no seu amor de infância, Jenny Curran.', '445', 'NÃO', TO_DATE('1994', 'YYYY'), '140', 'Comédia, Drama, Romance');
INSERT INTO filme VALUES('54', 'Entrevista com o Vampiro', 'São Francisco, anos 1990. Um jornalista entrevista um jovem que afirma ser vampiro, narrando suas experiências dos últimos 200 anos. Em flash-back, conhecemos Louis de Pointe du Lac (Brad Pitt), um homem que perdeu a mulher, morta durante o parto, e a vontade de viver. Com a ajuda de uma criatura da noite, Lestat de Lioncourt (Tom Cruise), ele se torna um vampiro e precisa aprender uma nova forma de vida.', '445', 'NÃO', TO_DATE('1994', 'YYYY'), '123', 'Fantasia, Drama, Terror');
INSERT INTO filme VALUES('55', 'Pom Poko', 'Uma comunidade de guaxinins tenta evitar que a floresta onde moram seja devastada. ', '445', 'NÃO', TO_DATE('1994', 'YYYY'), '119', 'Animação, Drama, Fantasia, Comédia');
INSERT INTO filme VALUES('56', 'Léon: O Profissional', 'Em Nova York o assassino profissional Leon (Jean Reno) não vê sentido na vida. Quando a família vizinha é morta por policiais envolvidos com drogas ele decide proteger Mathilda (Natalie Portman), uma menina de 12 anos que é a única sobrevivente da família. Ela deseja se tornar uma assassina, para poder vingar a morte do seu irmão de 4 anos. Enquanto ela cuida da casa e ensina o pistoleiro a ler e a escrever, ele lhe ensina o básico de como manejar uma arma. ', '445', 'NÃO', TO_DATE('1994', 'YYYY'), '103', 'Policial, Drama, Suspense, Ação');
INSERT INTO filme VALUES('57', 'Pulp Fiction', 'Vincent Vega (John Travolta) e Jules Winnfield (Samuel L. Jackson) são dois assassinos profissionais trabalham fazendo cobranças para Marsellus Wallace (Ving Rhames), um poderosos gângster. Vega é forçado a sair com a garota do chefe, temendo passar dos limites; enquanto isso, o pugilista Butch Coolidge (Bruce Willis) se mete em apuros por ganhar luta que deveria perder. ', '445', 'NÃO', TO_DATE('1994', 'YYYY'), '149', 'Policial, Suspense');
INSERT INTO filme VALUES('58', 'O Rei Leão', 'Mufasa (voz de James Earl Jones), o Rei Leão, e a rainha Sarabi (voz de Madge Sinclair) apresentam ao reino o herdeiro do trono, Simba (voz de Matthew Broderick). O recém-nascido recebe a bênção do sábio babuíno Rafiki (voz de Robert Guillaume), mas ao crescer é envolvido nas artimanhas de seu tio Scar (voz de Jeremy Irons), o invejoso e maquiavélico irmão de Mufasa, que planeja livrar-se do sobrinho e herdar o trono.', '445', 'NÃO', TO_DATE('1994', 'YYYY'), '89', 'Animação, Aventura, Família');
INSERT INTO filme VALUES('59', 'Um Sonho de Liberdade', 'Em 1946, Andy Dufresne (Tim Robbins), um jovem e bem sucedido banqueiro, tem a sua vida radicalmente modificada ao ser condenado por um crime que nunca cometeu, o homicídio de sua esposa e do amante dela. Ele é mandado para uma prisão que é o pesadelo de qualquer detento, a Penitenciária Estadual de Shawshank, no Maine. Lá ele irá cumprir a pena perpétua. Andy logo será apresentado a Warden Norton (Bob Gunton), o corrupto e cruel agente penitenciário, que usa a Bíblia como arma de controle e ao Capitão Byron Hadley (Clancy Brown) que trata os internos como animais. Andy faz amizade com Ellis Boyd Redding (Morgan Freeman), um prisioneiro que cumpre pena há 20 anos e controla o mercado negro da instituição.', '445', 'NÃO', TO_DATE('1994', 'YYYY'), '140', 'Drama');
INSERT INTO filme VALUES('60', 'Coração Valente', 'No século XIII, soldados ingleses matam a mulher do escocês William Wallace (Mel Gibson), bem na sua noite de núpcias. Para vingar a amada, ele resolve liderar seu povo em uma luta contra o cruel Rei inglês Edward I (Patrick McGoohan). Com a ajuda de Robert e Bruce, ele vai deflagrar uma violenta batalha com o objetivo de libertar a Escócia de uma vez por todas.', '445', 'NÃO', TO_DATE('1995', 'YYYY'), '165', 'Histórico, Aventura, Biografia, Guerra');
INSERT INTO filme VALUES('61', 'Se7en', 'Dois policiais, om jovem e impetuoso David Mills (Brad Pitt) e o outro maduro e prestes a se aposentar, William Somerset (Morgan Freeman), são encarregados de uma periogosa investigação: encontrar um serial killer que mata as pessoas seguindo a ordem dos sete pecados capitais.', '445', 'NÃO', TO_DATE('1995', 'YYYY'), '130', ' Policial, Suspense');
INSERT INTO filme VALUES('62', 'Trainspotting', 'Em Edimburgo, na Escócia, vive Renton (Ewan McGregor), um jovem usuário de heroína que leva uma vida despreocupada, dividindo-se entre seu romance com a estudante colegial Diane (Kelly Macdonald) e os encontros com seus quatro amigos viciados: Sick Boy, (Jonny Lee Miller), um imoral desenhista de HQs fanático por Sean Connery; Tommy (Kevin McKidd), um atleta responsável; Spud (Ewen Bremner), um bobalhão de bom coração e Begbie (Robert Carlyle), um violento sociopata. ', '445', 'NÃO', TO_DATE('1996', 'YYYY'), '93', 'Drama, Policial');
INSERT INTO filme VALUES('63', 'Gummo', 'O filme passa-se em Xenia, Ohio, uma cidade existente e que foi atingida por um tornado em 1974. No entanto, não foi essa cidade o local das gravações, mas sim Nashville, Tennessee, para a maioria das cenas. Retrato do lixo branco (epíteto dado à população branca Americana pobre e de baixo nível educacional), hiper-realista e surreal, abrange um vasto leque de temas como a toxicodependência, suicídio, pesar, homofobia, prostituição, abuso sexual, assédio sexual, eutanásia e racismo.', '445', 'NÃO', TO_DATE('1997', 'YYYY'), '88', 'Drama');
INSERT INTO filme VALUES('64', 'Princesa Mononoke', 'A aldeia de Ashitaka é invadida por um estranho demônio, e quem resolve enfrentá-lo é o corajoso príncipe. Ele luta com o bicho e consegue matá-lo, mas antes fica com o braço ferido e é contaminado por uma maldição. Ele irá se corroer pelo ódio até se tornar um demônio igual ao outro e morrer, a não ser que ele vá atrás da cura na floresta proibida. É aí que começa a jornada de Ashitaka, que vai enfrentar animais fantásticos, princesas amaldiçoadas e os mistérios da natureza. O príncipe vai conhecer também os homens que querem destruir a floresta e a pequena San, ou Princesa Mononoke. ', '445', 'NÃO', TO_DATE('1997', 'YYYY'), '125', 'Drama, Animação, Fantasia');
INSERT INTO filme VALUES('65', 'Central do Brasil', 'Dora (Fernanda Montenegro) trabalha escrevendo cartas para analfabetos na estação Central do Brasil, no centro da cidade do Rio de Janeiro. Ainda que a escrivã não envie todas as cartas que escreve - as cartas que considera inúteis ou fantasiosas demais -, ela decide ajudar um menino (Vinícius de Oliveira), após sua mãe ser atropelada, a tentar encontrar o pai que nunca conheceu, no interior do Nordeste.', '445', 'SIM', TO_DATE('1998', 'YYYY'), '105', 'Drama');
INSERT INTO filme VALUES('66', 'Festa de Família', 'Patriarca (Henning Moritzen) de família dinamarquesa comemora seus 60 anos em grande estilo, reunindo a família em um hotel de luxo. Mas uma revelação feita por seu filho pode estragar a festa. ', '445', 'NÃO', TO_DATE('1998', 'YYYY'), '105', 'Drama, Comédia');
INSERT INTO filme VALUES('67', 'Felicidade', 'Retrata a vida de três irmãs, as suas famílias e aqueles ao seu redor.', '445', 'NÃO', TO_DATE('1998', 'YYYY'), '134', 'Drama, Comédia');
INSERT INTO filme VALUES('68', 'O Grande Lebowski', 'Venice, Califórnia. Jeffrey Lebowski (Jeff Bridges) é um desempregado convicto, que vive no ócio e chama a si mesmo de "the Dude". Quando não está sozinho no apartamento, ouvindo canções do Creedence ou usando drogas, está jogando boliche junto com os amigos Walter Sobchak (John Goodman), neurótico por armas, e Donny (Steve Buscemi), um grande jogador que ninguém deixa falar. Um dia alguns desconhecidos invadem o apartamento de Lebowski, cobrando o dinheiro devido por Bunny (Tara Reid), sua suposta esposa. "Dude" tenta desfazer o mal entendido, mas um deles se vinga urinando no tapete. Logo em seguida "Dude" descobre que eles estavam atrás de outro Lebowski (David Huddleston), um milionário. Irritado com o que aconteceu, já que gostava muito do tapete, "Dude" vai até seu homônimo exigir uma compensação. Sem conseguir nada, ele resolve roubar um dos valiosos tapetes da mansão. Tempos depois, Lebowski pede que "Dude" o ajude a entregar a quantia pedida pelo resgate de Bunny. É quando Walter elabora um plano para desmascarar os sequestradores e ainda ficar com o dinheiro.', '445', 'NÃO', TO_DATE('1998', 'YYYY'), '117', 'Comédia , Policial');
INSERT INTO filme VALUES('69', 'Beleza Americana', 'Lester Burham (Kevin Spacey) não aguenta mais o emprego e se sente impotente perante sua vida. Casado com Carolyn (Annette Bening) e pai da "aborrecente" Jane (Tora Birch), o melhor momento de seu dia quando se masturba no chuveiro. Até que conhece Angela Hayes (Mena Suvari), amiga de Jane. Encantado com sua beleza e disposto a dar a volta por cima, Lester pede demissão e começa a reconstruir sua vida, com a ajuda de seu vizinho Ricky (Wes Bentley).', '445', 'NÃO', TO_DATE('1999', 'YYYY'), '122', 'Drama');
INSERT INTO filme VALUES('70', 'De Olhos Bem Fechados', 'Bill Harford (Tom Cruise) é casado com a curadora de arte Alice (Nicole Kidman). Ambos vivem o casamento perfeito até que, logo após uma festa, Alice confessa que sentiu atração por outro homem no passado e que seria capaz de largar Bill e sua filha por ele. A confissão desnorteia o sujeito, que sai pelas ruas de Nova York assombrado com a imagem da mulher nos braços de outro. Ele acaba em meio a uma reunião secreta e uma mansão afastada. Último filme do cultuado diretor Stanley Kubrick.', '445', 'NÃO', TO_DATE('1999', 'YYYY'), '159', 'Drama, Suspense, Erótico');
INSERT INTO filme VALUES('71', 'Clube da Luta', 'Jack (Edward Norton) é um executivo jovem, trabalha como investigador de seguros, mora confortavelmente, mas ele está ficando cada vez mais insatisfeito com sua vida medíocre. Para piorar ele está enfrentando uma terrível crise de insônia, até que encontra uma cura inusitada para o sua falta de sono ao frequentar grupos de auto-ajuda. Nesses encontros ele passa a conviver com pessoas problemáticas como a viciada Marla Singer (Helena Bonham Carter) e a conhecer estranhos como Tyler Durden (Brad Pitt). Misterioso e cheio de ideias, Tyler apresenta para Jack um grupo secreto que se encontra para extravasar suas angústias e tensões através de violentos combates corporais. ', '445', 'NÃO', TO_DATE('1999', 'YYYY'), '135', 'Suspense, Drama');
INSERT INTO filme VALUES('72', 'Nós Aqui Estamos e Por Vós Esperamos', 'Um filme-memória sobre o século XX, a partir de uma poética e criativa linguagem de montagem de recortes biográficos reais e ficcionais (como fotografias, filmes clássicos e outros tipos de registros audiovisuais) de pequenos e grandes personagens que viveram neste século, de forma a resumir e definir o espírito dessa época. ', '445', 'SIM', TO_DATE('1999', 'YYYY'), '73', 'Documentário');
INSERT INTO filme VALUES('73', 'O Sexto Sentido', 'O psicólogo infantil Malcolm Crowe (Bruce Willis) abraça com dedicação o caso de Cole Sear (Haley Joel Osment). O garoto, de 8 anos, tem dificuldades de entrosamento no colégio e vive paralisado de medo. Malcolm, por sua vez, busca se recuperar de um trauma sofrido anos antes, quando um de seus pacientes se suicidou na sua frente. ', '445', 'NÃO', TO_DATE('1999', 'YYYY'), '107', ' Suspense, Drama, Fantasia');
INSERT INTO filme VALUES('74', 'Tudo Sobre Minha Mãe', 'No dia de seu aniversário, Esteban (Eloy Azorín) ganha de presente da mãe, Manuela (Cecilia Roth), um ingresso para a nova montagem da peça "Um bonde chamado desejo", estrelada por Huma Rojo (Marisa Paredes). Após o espetáculo, ao tentar pegar um autógrafo de Huma, Esteban é atropelado e morre. Manuela resolve então ir até o pai do menino, que vive em Barcelona, para dar a notícia. No caminho, ela encontra o travesti Agrado (Antonia San Juan), a freira Rosa (Penélope Cruz) e a própria Huma Rojo.', '445', 'NÃO', TO_DATE('1999', 'YYYY'), '101', 'Drama');
INSERT INTO filme VALUES('75', 'Amnésia', 'Um ladrão ataca um casal, terminando por matar a mulher e deixando o homem à beira da morte. Porém, ele sobrevive e a partir de então passa a sofrer de uma doença que o impede de gravar na memória fatos recentes, o que faz com que ele esqueça por completo algo que acontece poucos instantes antes. A partir de então ele parte em uma jornada pessoal a fim de descobrir o assassino de sua mulher para poder vingá-la.', '445', 'NÃO', TO_DATE('2000', 'YYYY'), '116', 'Suspense, Ação');
INSERT INTO filme VALUES('76', 'Dançando no Escuro', 'Selma Jezkova (Björk) é uma mãe-solteira tcheca que foi morar nos Estados Unidos. Ela tem uma doença hereditária que a faz perder a visão, algo que também deverá acontecer um dia a seu filho Gene (Vladan Kostig), um garoto de doze anos. Entretanto, em virtude de saber que existem médicos nos Estados Unidos que podem operar seu filho isto foi o suficiente para fazê-la imigrar para o país. Ela trabalha muito duro e guarda tudo o que ganha para a cirurgia do filho. Bill (David Morse) e Linda (Cara Seymour), seus vizinhos, juntamente com Kathy (Catherine Deneuve), uma colega de fábrica, a ajudam no que é possível, mas quando Bill se vê em dificuldades financeiras rouba o dinheiro que Selma tinha economizado duramente. Este roubo é o ponto de partida para trágicos acontecimentos.', '445', 'NÃO', TO_DATE('2000', 'YYYY'), '139', 'Drama, Musical, Policial');
INSERT INTO filme VALUES('77', 'Amor À Flor da Pele', 'Chow (Tony Leung Chiu Wai) e sua mulher acabaram de se mudar. Logo, ele conhece Li-Zhen (Maggie Cheung), uma jovem que também acabou de se mudar com o marido. Ele trabalha para uma companhia japonesa, o que significa que está freqüentemente viajando. Como sua mulher também fica, muitas vezes, longe de casa, Chow passa muito tempo com Li-zhen. Eles se tornam amigos e, um dia, são forçados a encarar os fatos: seus respectivos parceiros estão tendo um caso.', '445', 'NÃO', TO_DATE('2000', 'YYYY'), '98', 'Romance, Drama');
INSERT INTO filme VALUES('78', 'Réquiem Para Um Sonho', 'Uma visão frenética, perturbada e única sobre pessoas que vivem em desespero e ao mesmo tempo cheio de sonhos. Harry Goldfarb (Jared Leto) e Marion Silver (Jennifer Connelly) formam um casal apaixonado, que tem como sonho montar um pequeno negócio e viverem felizes para sempre. Porém, ambos são viciados em heroína, o que faz com que repetidamente Harry penhore a televisão de sua mãe (Ellen Burstyn), para conseguir dinheiro. Já Sara, mãe de Harry, viciada em assistir programas de TV. Até que um dia recebe um convite para participar do seu show favorito, o "Tappy Tibbons Show", que transmitido para todo o país. Para poder vestir seu vestido predileto, Sara começa a tomar pílulas de emagrecimento, receitadas por seu médico. Só que, aos poucos, Sara começa a tomar cada vez mais pílulas até se tornar uma viciada neste medicamento.', '445', 'NÃO', TO_DATE('2000', 'YYYY'), '110', 'Drama');
INSERT INTO filme VALUES('79', 'Abril Despedaçado', 'Em abril de 1910, na geografia desértica do sertão brasileiro vive Tonho (Rodrigo Santoro) e sua família. Tonho vive atualmente uma grande dúvida, pois ao mesmo tempo que é impelido por seu pai (José Dumont) para vingar a morte de seu irmão mais velho, assassinado por uma família rival, sabe que caso se vingue será perseguido e terá pouco tempo de vida. Angustiado pela perspectiva da morte, Tonho passa então a questionar a lógica da violência e da tradição.', '445', 'SIM', TO_DATE('2001', 'YYYY'), '105', 'Drama');
INSERT INTO filme VALUES('80', 'Inteligência Artificial', 'Erika (Nathalia Dill) é uma DJ de relativo sucesso e muito amiga de Lara (Lívia de Bueno). Juntas, durante um festival onde Erika trabalhava, elas conheceram Nando (Luca Bianchi) e, juntos, vivem um momento intenso. Entretanto, logo em seguida o trio se separa. Anos depois Erika e Nando se reencontram em Amsterdã, onde se apaixonam. Só que apenas Erika se lembra do verdadeiro motivo pelo qual eles se afastaram pouco após se conhecerem, anos antes.', '445', 'NÃO', TO_DATE('2001', 'YYYY'), '146', 'Ficção científica, Aventura, Drama');
INSERT INTO filme VALUES('81', 'Donnie Darko', 'Donnie (Jake Gyllenhaal) é um jovem brilhante e excêntrico, que cursa o colegial mas despreza a grande maioria dos seus colegas de escola. Donnie tem visões, em especial de um coelho monstruoso o qual apenas ele consegue ver, que o encorajam a realizar brincadeiras destrutivas e humilhantes com quem o cerca. Até que um dia uma de suas visões o atrai para fora de casa e lhe diz que o mundo acabará dentro de um mês. Donnie inicialmente não acredita na profecia, mas momentos depois um avião cai bem no telhado de sua casa, quase matando-o. É quando ele começa a se perguntar qual o fundo de verdade da sua previsão.', '445', 'NÃO', TO_DATE('2001', 'YYYY'), '113', 'Ficção científica, Drama, Horror, Mistéio');
INSERT INTO filme VALUES('82', 'Lavoura Arcaica', 'André (Selton Mello) é um filho desgarrado, que saiu de casa devido à severa lei paterna e o sufocamento da ternura materna. Pedro (Leonardo Medeiros), seu irmão mais velho, recebe de sua mãe a missão de trazê-lo de volta ao lar. Cedendo aos apelos da mãe e de Pedro, André resolve voltar para a casa dos seus pais, mas irá quebrar definitivamente os alicerces da família ao se apaixonar por sua bela irmã Ana (Simone Spoladore).', '445', 'SIM', TO_DATE('2001', 'YYYY'), '163', 'Drama');
INSERT INTO filme VALUES('83', 'Cidade dos Sonhos', 'Um acidente automobilístico na estrada Mulholland Drive, em Los Angeles, dá início a uma complexa trama que envolve diversos personagens. Rita (Laura Harring) escapa da colisão, mas perde a memória e sai do local rastejando para se esconder em um edifício residencial que é administrado por Coco (Ann Miller). É nesse mesmo prédio que vai morar Betty (Naomi Watts), uma aspirante a atriz recém-chegada à cidade que conhece Rita e tenta ajudar a nova amiga a descobrir sua identidade. Em outra parte da cidade o cineasta Adam Kesher (Justin Theroux), após ser espancado pelo amante da esposa, é roubado pelos sinistros irmãos Castigliane.', '445', 'NÃO', TO_DATE('2001', 'YYYY'), '145', 'Suspense');
INSERT INTO filme VALUES('84', 'A Viagem de Chihiro', 'Chihiro é uma garota de 10 anos que acredita que todo o universo deve atender aos seus caprichos. Ao descobrir que vai se mudar, ela fica furiosa. Na viagem, Chihiro percebe que seu pai se perdeu no caminho para a nova cidade, indo parar defronte um túnel aparentemente sem fim, guardado por uma estranha estátua. Curiosos, os pais de Chihiro decidem entrar no túnel e Chihiro vai com eles. Chegam numa cidade sem nenhum habitante e os pais de Chihiro decidem comer a comida de uma das casas, enquanto a menina passeia. Ela encontra com Haku, garoto que lhe diz para ir embora o mais rápido possível e ao reencontrar seus pais, Chihiro fica surpresa ao ver que eles se transformaram em gigantescos porcos. É o início da jornada de Chihiro por um mundo fantasma, povoado por seres fantásticos, no qual humanos não são bem-vindos.', '445', 'NÃO', TO_DATE('2001', 'YYYY'), '124', 'Animação, Fantasia, Aventura');
INSERT INTO filme VALUES('85', 'Os Outros', 'Durante a 2ª Guerra Mundial, Grace (Nicole Kidman) decide por se mudar, juntamente com seus dois filhos, para uma mansão isolada na ilha de Jersey, a fim de esperar que seu marido retorne da guerra. Como seus filhos possuem uma estranha doença que os impedem de receber diretamente a luz do sol, a casa onde vivem está sempre em total escuridão. Eles vivem sozinhos seguindo religiosamente certas regras, como nunca abrir uma porta sem fechar a anterior, mas quando eles contratam empregados para a casa eles terminam quebrando estas regras, fazendo com que imprevisíveis consequências ocorram.', '445', 'NÃO', TO_DATE('2001', 'YYYY'), '104', 'Terror, Suspense, Drama, Mistério');
INSERT INTO filme VALUES('86', 'Os Excêntricos Tanenbaums', 'Royal Tenenbaum (Gene Hackman) e sua esposa Etheline Tenenbaum (Anjelica Huston) tiveram três filhos, Chas (Ben Stiller), Margot (Gwyneth Paltrow) e Richie (Luke Wilson), e logo depois resolveram se separar. Com o passar dos anos cada um dos filhos demonstrou talentos diferentes, tornando-se todos bem-sucedidos. Chas logo em sua adolescência resolveu investir em bens, demonstrando um dom natural para finanças, enquanto que Margot se tornou uma escritora de sucesso e Richie um tenista profissional de sucesso. Mas toda a história de sucesso dos três jovens Tenenbaums é esquecida quando seu pai resolve reatar os antigos laços e lutar pelo amor de Etheline, que está prestes a se casar com seu contador, Henry Sherman (Danny Glover).', '445', 'NÃO', TO_DATE('2001', 'YYYY'), '109', 'Comédia, Drama');
INSERT INTO filme VALUES('87', 'Waking Life', 'Após não conseguir acordar de um sonho, um jovem passa a encontrar pessoas da vida real em seu mundo imaginário, com quem têm longas conversas sobre os vários estados da consciência humana e discussões filosóficas e religiosas.', '445', 'NÃO', TO_DATE('2001', 'YYYY'), '97', 'Animação, Drama, Fantasia');
INSERT INTO filme VALUES('88', 'Zoolander', 'Derek Zoolander (Ben Stiller) é um supermodelo egocêntrico em crise, já que perdeu recentemente o posto de número 1 na classificação dos modelos para seu rival Hansel (Owen Wilson). Deprimido, ele busca auxílio com Jacobim Mugatu (Will Ferrell), seu "papa" no mundo da moda, que tem outros planos para Zoolander. Juntamente com uma falsa agente da CIA, Mugatu realiza uma lavagem cerebral em Zoolander, a fim de transformá-lo em um assassino frio e burro ao seu dispor. O plano de Mugatu é enviar Zoolander para assassinar o Presidente da Malásia quando este estiver em sua visita a Nova York, pois com ele morto Mugaru poderá explorar o trabalho infantil no país, o que resultará em custos mais baixos para sua confecção de roupas. Até que Matilda Jeffries (Christine Taylor), uma jornalista da Time Magazine, desconfia dos planos de Mugaru e decide por evitar que Zoolander complete sua missão.', '445', 'NÃO', TO_DATE('2001', 'YYYY'), '89', 'Comédia');
INSERT INTO filme VALUES('89', 'Adaptação', 'Charlie Kaufman (Nicolas Cage) precisa de qualquer maneira adaptar para o cinema o romance "The Orchid Thief", de Susan Orlean (Meryl Streep). O livro conta a história de John Laroche (Chris Cooper), um fornecedor de plantas que clona orquídeas raras para vendê-las a colecionadores. Porém, além das dificuldades naturais da adaptação de um livro em roteiro de cinema, Charlie precisa lidar também com sua baixa auto-estima, sua frustração sexual e ainda Donald, seu irmão gêmeo que vive como um parasita em sua vida e sonha em também se tornar um roteirista.', '445', 'NÃO', TO_DATE('2002', 'YYYY'), '114', 'Comédia, Drama');
INSERT INTO filme VALUES('90', 'Cidade de Deus', 'Buscapé (Alexandre Rodrigues) é um jovem pobre, negro e muito sensível, que cresce em um universo de muita violência. Buscapé vive na Cidade de Deus, favela carioca conhecida por ser um dos locais mais violentos da cidade. Amedrontado com a possibilidade de se tornar um bandido, Buscapé acaba sendo salvo de seu destino por causa de seu talento como fotógrafo, o qual permite que siga carreira na profissão. É através de seu olhar atrás da câmera que Buscapé analisa o dia-a-dia da favela onde vive, onde a violência aparenta ser infinita.', '445', 'SIM', TO_DATE('2002', 'YYYY'), '130', 'Drama, Ação');
INSERT INTO filme VALUES('91', 'Irreversível', 'O filme narra, de trás para frente, a história de uma vingança. A primeira sequência mostra dois amigos desesperados, Marcus (Vincent Cassel) e Pierre (Albert Dupontel), saindo pelo submundo de Paris à procura do homem que teria estuprado e espancado Alex (Monica Bellucci), a atual namorada de Marcus e ex-namorada de Pierre. Em seguida, a narrativa volta passo a passo no tempo para mostrar como Marcus e Pierre descobriram o nome do autor do crime, recuando até o próprio estupro e os eventos que o antecederam.', '445', 'NÃO', TO_DATE('2002', 'YYYY'), '99', 'Drama');
INSERT INTO filme VALUES('92', 'Lilo & Stitch', 'Lilo (Daveigh Chase) é uma pequena garota havaiana de 5 anos que adora cuidar de animais menos favorecidos e vive com sua irmã Nani (Tia Carrere). Lilo tem o costume de coletar lixo reciclável nas praias para, com o dinheiro recebido, comprar comida para peixes e nadar até o alto-mar para alimentá-los. Até que, num belo dia, ela encontra um cachorro e decide adotá-lo. Entretanto, este cachorro na verdade é Stitch (Chris Sanders), um ser alienígena que é um dos criminosos mais perigosos da galáxia. Stitch foi preso em um planeta distante pela polícia interplanetária, mas ao ser encaminhado para um planeta-prisão consegue escapar, caindo acidentalmente na Terra. Agora, para escapar da polícia que ainda o persegue, Stitch esconde quatro de suas seis pernas e decide se fazer passar por um cachorro comum, desenvolvendo com o tempo um laço de amizade com Lilo. ', '445', 'NÃO', TO_DATE('2002', 'YYYY'), '85', 'Animação, Fantasia');
INSERT INTO filme VALUES('93', 'Embriagado de Amor', 'Barry Egan (Adam Sandler) é um pequeno empresário que passa por dificuldades financeiras. Tendo sido criado ao lado de 7 irmãs, a infância de Barry foi difícil e repleta de abusos, deixando-o com medo de amar. Até que entra em sua vida Lena Leonard (Emily Watson), uma misteriosa mulher por quem Barry se apaixona. Mas para ficar ao lado de sua amada Barry precisará viajar para o Havaí e enfrentar uma quadrilha de mafiosos.', '445', 'NÃO', TO_DATE('2002', 'YYYY'), '95', 'Comédia, Romance');
INSERT INTO filme VALUES('94', 'As Horas', 'Em três períodos diferentes vivem três mulheres ligadas ao livro "Mrs. Dalloway". Em 1923 vive Virginia Woolf (Nicole Kidman), autora do livro, que enfrenta uma crise de depressão e idéias de suicídio. Em 1949 vive Laura Brown (Julianne Moore), uma dona de casa grávida que mora em Los Angeles, planeja uma festa de aniversário para o marido e não consegue parar de ler o livro. Nos dias atuais vive Clarissa Vaughn (Meryl Streep), uma editora de livros que vive em Nova York e dá uma festa para Richard (Ed Harris), escritor que fora seu amante no passado e hoje está com Aids e morrendo. ', '445', 'NÃO', TO_DATE('2002', 'YYYY'), '114', 'Drama');
INSERT INTO filme VALUES('95', 'Dogville', 'Anos 30, Dogville, um lugarejo nas Montanhas Rochosas. Grace (Nicole Kidman), uma bela desconhecida, aparece no lugar ao tentar fugir de gângsters. Com o apoio de Tom Edison (Paul Bettany), o auto-designado porta-voz da pequena comunidade, Grace é escondida pela pequena cidade e, em troca, trabalhará para eles. Fica acertado que após duas semanas ocorrerá uma votação para decidir se ela fica. Após este "período de testes" Grace é aprovada por unanimidade, mas quando a procura por ela se intensifica os moradores exigem algo mais em troca do risco de escondê-la. É quando ela descobre de modo duro que nesta cidade a bondade é algo bem relativo, pois Dogville começa a mostrar seus dentes. No entanto Grace carrega um segredo, que pode ser muito perigoso para a cidade.', '445', 'NÃO', TO_DATE('2003', 'YYYY'), '117', 'Drama');
INSERT INTO filme VALUES('96', 'As Bicicletas de Belleville', 'Champion (Michel Robin) é um menino solitário, que só sente alegria quando está em cima de uma bicicleta. Percebendo a aptidão do garoto, sua avó começa a incentivar seu treinamento, para fazê-lo um verdadeiro campeão e poder participar da Volta da França, principal competição ciclística do país. Porém, durante a disputa, Champion é sequestrado. Sua avó e seu cachorro Bruno partem então em sua busca, indo parar em uma megalópole localizada além do oceano, chamada Belleville.', '445', 'NÃO', TO_DATE('2003', 'YYYY'), '82', 'Animação, Aventura');
INSERT INTO filme VALUES('97', 'Encontros e Desencontros', 'Bob Harris (Bill Murray) é uma estrela de cinema, que está em Tóquio para fazer um comercial de uísque. Charlotte (Scarlett Johansson), por sua vez, está na cidade acompanhando seu marido, um fotógrafo workaholic (Giovanni Ribisi) que a deixa sozinha o tempo todo. Sofrendo com o horário, Bob e Charlotte não conseguem dormir. Eles se encontram, por acaso, no bar de um hotel de luxo, e em pouco tempo tornam-se grandes amigos. Resolvem então partir pela cidade juntos. A eles junta-se uma jovem atriz chamada Kelly (Anna Faris), com quem vão viver algumas aventuras pela cidade de Tóquio. ', '445', 'NÃO', TO_DATE('2003', 'YYYY'), '102', 'Drama');
INSERT INTO filme VALUES('98', 'O Homem que Copiava', 'André (Lázaro Ramos) é um jovem de 20 anos que trabalha na fotocopiadora da papelaria Gomide, localizada em Porto Alegre. André mora com a mãe e tem uma vida comum, basicamente vivendo de casa para o trabalho e realizando sempre as mesmas atividades. Num dia André se apaixona por Sílvia (Leandra Leal), uma vizinha, a qual passa a observar com os binóculos em seu quarto. Decidido a conhecê-la melhor, André descobre que ela trabalha em uma loja de roupas e, para conseguir uma aproximação, tenta de todas as formas conseguir 38 reais para comprar um suposto presente para sua mãe.', '445', 'SIM', TO_DATE('2003', 'YYYY'), '123', 'Drama');
INSERT INTO filme VALUES('99', 'Brilho Eterno de uma Mente sem Lembranças', 'Joel (Jim Carrey) e Clementine (Kate Winslet) formavam um casal que durante anos tentaram fazer com que o relacionamento desse certo. Desiludida com o fracasso, Clementine decide esquecer Joel para sempre e, para tanto, aceita se submeter a um tratamento experimental, que retira de sua memória os momentos vividos com ele. Após saber de sua atitude Joel entra em depressão, frustrado por ainda estar apaixonado por alguém que quer esquecê-lo. Decidido a superar a questão, Joel também se submete ao tratamento experimental. Porém ele acaba desistindo de tentar esquecê-la e começa a encaixar Clementine em momentos de sua memória os quais ela não participa.', '445', 'NÃO', TO_DATE('2004', 'YYYY'), '108', 'Romance, Drama, Ficção Científica');
INSERT INTO filme VALUES('100', 'Menina de Ouro', 'Frankie Dunn (Clint Eastwood) passou a vida nos ringues, tendo agenciado e treinado grandes boxeadores. Frankie costuma passar aos lutadores com quem trabalha a mesma lição que segue para sua vida: antes de tudo, se proteja. Magoado com o afastamento de sua filha, Frankie é uma pessoa fechada e que apenas se relaciona com Scrap (Morgan Freeman), seu único amigo, que cuida também de seu ginásio. Até que surge em sua vida Maggie Fitzgerald (Hilary Swank), uma jovem determinada que possui um dom ainda não lapidado para lutar boxe. Maggie quer que Frankie a treine, mas ele não aceita treinar mulheres e, além do mais, acredita que ela esteja velha demais para iniciar uma carreira no boxe. Apesar da negativa de Frankie, Maggie decide treinar diariamente no ginásio. Ela recebe o apoio de Scrap, que a encoraja a seguir adiante. Vencido pela determinação de Maggie, Frankie enfim aceita ser seu treinador. ', '445', 'NÃO', TO_DATE('2004', 'YYYY'), '132', 'Drama, Esporte');
INSERT INTO filme VALUES('101', 'Todo Mundo Quase Morto', 'Winchester. Shaun (Simon Pegg) trabalha como vendedor e divide uma casa com Ed (Nick Frost), seu melhor amigo, e Pete (Peter Serafinowicz). Ele costuma ir sempre ao pub local, mas Liz (Kate Ashfield), sua namorada, está cansada de lá. Além disto ela sempre reclama que ele não se separa de Ed, apesar de suas piadas bobas e seu desinteresse em fazer algo útil. Para resolver a questão Shaun aceita marcar um encontro com Liz em outro restaurante, mas se esquece de fazer a reserva. Irritada, ela decide terminar com ele. Shaun, arrasado, se embebeda no seu pub predileto ao lado de Ed, sem notar que as pessoas à sua volta estão se tornando zumbis, devido a um estranho fenômeno. ', '445', 'NÃO', TO_DATE('2004', 'YYYY'), '99', 'Comédia, Romance, Terror');
INSERT INTO filme VALUES('102', 'Caché', 'Um dia Georges (Daniel Auteuil) e sua esposa Anne (Juliette Binoche) recebem uma fita de vídeo com imagens de sua casa, que fora filmada por uma câmara instalada na rua. Depois disso começam a receber desenhos sinistros. Assustado, o casal tenta descobrir o autor daquelas misteriosas ameaças que perturbam a paz de sua família. Logo percebem que quem os persegue conhece mais sobre o seu passado do que eles poderiam esperar.', '445', 'NÃO', TO_DATE('2005', 'YYYY'), '117', 'Drama, Suspense');
INSERT INTO filme VALUES('103', 'Senhor das Armas', 'Yuri Orlov (Nicolas Cage) é um traficante de armas que realiza negócios nos mais variados locais do planeta. Estando constantemente em perigosas zonas de guerra, Yuri tenta sempre se manter um passo a frente de Jack Valentine (Ethan Hawke), um agente da Interpol, e também de seus concorrentes e até mesmo clientes, entre os quais estão alguns dos mais famosos ditadores do planeta.', '445', 'NÃO', TO_DATE('2005', 'YYYY'), '123', 'Drama, Suspense Policial');
INSERT INTO filme VALUES('104', 'Pequena Miss Sunshine', 'Nenhuma família é verdadeiramente normal, mas a família Hoover extrapola. O pai desenvolveu um método de auto-ajuda que é um fracasso, o filho mais velho fez voto de silêncio, o cunhado é um professor suicida e o avô foi expulso de uma casa de repouso por usar heroína. Nada funciona para o clã, até que a filha caçula, a desajeitada Olive (Abigail Breslin), é convidada para participar de um concurso de beleza para meninas pré-adolescentes. Durante três dias eles deixam todas as suas diferenças de lado e se unem para atravessar o país numa kombi amarela enferrujada.', '445', 'NÃO', TO_DATE('2006', 'YYYY'), '101', 'Comédia, Drama');
INSERT INTO filme VALUES('105', 'Os Infiltrados', 'A polícia trava uma verdadeira guerra contra o crime organizado em Boston. Billy Costigan (Leonardo DiCaprio), um jovem policial, recebe a missão de se infiltrar na máfia, mais especificamente no grupo comandado por Frank Costello (Jack Nicholson). Aos poucos Billy conquista sua confiança, ao mesmo tempo em que Colin Sullivan (Matt Damon), um criminoso que foi infiltrado na polícia como informante de Costello, também ascende dentro da corporação. Tanto Billy quanto Colin sentem-se aflitos devido à vida dupla que levam, tendo a obrigação de sempre obter informações. Porém quando a máfia e a polícia descobrem que entre eles há um espião, a vida de ambos passa a correr perigo.', '445', 'NÃO', TO_DATE('2006', 'YYYY'), '151', 'Policial, Suspense');
INSERT INTO filme VALUES('106', 'Volver', 'Raimunda (Penélope Cruz) é uma jovem mãe, trabalhadora e atraente, que tem um marido desempregado e uma filha adolescente. Como a família enfrenta problemas financeiros, Raimunda acumula vários empregos. Sole (Lola Dueñas), sua irmã mais velha, possui um salão de beleza ilegal e vive sozinha desde que o marido a abandonou para fugir com uma de suas clientes. Um dia Sole liga para Raimunda para lhe contar que Paula (Yohana Cobo), tia delas, havia falecido. Raimunda adorava a tia, mas não pode comparecer ao enterro pois pouco antes do telefonema da irmã encontrou o marido morto na cozinha, com uma faca enterrada no peito. A filha de Raimunda confessa que matou o pai, que estava bêbado e queria abusar dela sexualmente. A partir de então Raimunda busca meios de salvar a filha, enquanto que Sole viaja sozinha até uma aldeia para o funeral da tia.', '445', 'NÃO', TO_DATE('2006', 'YYYY'), '121', 'Drama');
INSERT INTO filme VALUES('107', 'Zuzu Angel', 'Brasil, anos 60. A ditadura militar faz o país mergulhar em um dos momentos mais negros de sua história. Alheia a tudo isto, Zuzu Angel (Patrícia Pillar), uma estilista de modas, fica cada vez mais famosa no Brasil e no exterior. Paralelamente seu filho, Stuart (Daniel de Oliveira), ingressa na luta armada, que combatia as arbitrariedades dos militares. Resumindo: as diferenças ideológicas entre mãe e filho eram profundas. Numa noite Zuzu recebe uma ligação, dizendo Stuart tinha sido preso pelos militares. As forças armadas negam. Pouco tempo depois ela recebe uma carta dizendo que Stuart foi torturado até a morte na aeronáutica. Então ela inicia uma batalha aparentemente simples: localizar o corpo do filho e enterrá-lo. Mas Zuzu vai se tornando uma figura cada vez mais incômoda para a ditadura.', '445', 'SIM', TO_DATE('2006', 'YYYY'), '100', 'Drama, Biografia');
INSERT INTO filme VALUES('108', 'Um Verão Para Toda a Vida', 'Maps (Daniel Radcliffe), Sparks (Christian Byers), Misty (Lee Cormie) e Spit (James Fraser), quatro órfãos adolescentes que nasceram todos no mês de dezembro, vão passar o primeiro verão fora do orfanato. Eles partem para uma temporada na praia, onde conhecem um jovem casal que não consegue ter filhos. A esperança dos meninos de serem adotados é reacendida quando o casal demonstra interesse em adotar um deles. Spark, Misty e Spit, os mais novos, vêem finalmente a possibilidade de terem uma família, mas a amizade entre eles é posta em cheque quando começam a competir para serem o escolhido. Enquanto isso, Maps se interessa pela bela Lucy (Teresa Palmer).', '445', 'NÃO', TO_DATE('2007', 'YYYY'), '105', 'Drama, Romance');
INSERT INTO filme VALUES('109', 'Escritores da Liberdade', 'Uma jovem e idealista professora chega à uma escola de um bairro pobre, que está corrompida pela agressividade e violência. Os alunos se mostram rebeldes e sem vontade de aprender, e há entre eles uma constante tensão racial. Assim, para fazer com que os alunos aprendam e também falem mais de suas complicadas vidas, a professora Gruwell (Hilary Swank) lança mão de métodos diferentes de ensino. Aos poucos, os alunos vão retomando a confiança em si mesmos, aceitando mais o conhecimento, e reconhecendo valores como a tolerânica e o respeito ao próximo. ', '445', 'NÃO', TO_DATE('2007', 'YYYY'), '122', 'Drama');
INSERT INTO filme VALUES('110', 'Mr. Lonely', 'Um sósia de Michael Jackson é convidado por uma sósia de Marilyn Monroe, nas ruas de Paris, para integrar uma comunidade na Escócia composta apenas por outros sósias de celebridades famosas. Relutante e solitário, Michael Jackson acaba aceitando. Lá Michael se torna um bom amigo de James Dean, Madonna, Charles Chaplin, Elizabeth II, Abraham Lincoln, o Papa, Chapeuzinho Vermelho e... por aí vai.', '445', 'NÃO', TO_DATE('2007', 'YYYY'), '113', 'Drama');
INSERT INTO filme VALUES('111', 'Onde os Fracos Não Têm Vez', 'Texas, década de 80. Um traficante de drogas é encontrado no deserto por um caçador pouco esperto, Llewelyn Moss (Josh Brolin), que pega uma valise cheia de dinheiro mesmo sabendo que em breve alguém irá procurá-lo devido a isso. Logo Anton Chigurh (Javier Bardem), um assassino psicótico sem senso de humor e piedade, é enviado em seu encalço. Porém para alcançar Moss ele precisará passar pelo xerife local, Ed Tom Bell (Tommy Lee Jones).', '445', 'NÃO', TO_DATE('2007', 'YYYY'), '122', 'Drama, Suspense');
INSERT INTO filme VALUES('112', 'Apenas Uma Vez', 'Dublin, Irlanda. Um músico de rua (Glen Hansard) sente-se inseguro para apresentar suas próprias canções. Um dia ele encontra uma jovem mãe (Markéta Inglová), que tenta ainda se encontrar na cidade. Logo eles se aproximam e, ao reconhecer o talento um do outro, começam a ajudar-se mutuamente para que seus sonhos se tornem realidade. ', '445', 'NÃO', TO_DATE('2007', 'YYYY'), '90', 'Drama, Romance');
INSERT INTO filme VALUES('113', 'O Homem da Terra', 'John Oldman (David Lee Smith) ganha uma festa de despedida. Mas o evento se transforma em um misterioso interrogatório pois Oldman revela aos amigos que vive no planeta há 14 000 mil anos e que nunca ', '445', 'NÃO', TO_DATE('2007', 'YYYY'), '90', 'Drama, Independente');
INSERT INTO filme VALUES('114', 'Sangue Negro', 'Virada do século XIX para o século XX, na fronteira da Califórnia. Daniel Plainview (Daniel Day-Lewis) é um mineiro de minas de prata derrotado, que divide seu tempo com a tarefa de ser pai solteiro. Um dia ele descobre a existência de uma pequena cidade no oeste onde um mar de petróleo está transbordando do solo. Daniel decide partir para o local com seu filho, H.W. (Dillon Freasier). O nome da cidade é Little Boston, sendo que a única diversão do local é a igreja do carismático pastor Eli Sunday (Paul Dano). Daniel e H.W. se arriscam e logo encontram um poço de petróleo, que lhes traz riqueza mas também uma série de conflitos.', '445', 'NÃO', TO_DATE('2007', 'YYYY'), '158', 'Drama, Épico');
INSERT INTO filme VALUES('115', 'Ensaio Sobre a Cegueira', 'Uma inédita e inexplicável epidemia de cegueira atinge uma cidade. Chamada de "cegueira branca", já que as pessoas atingidas apenas passam a ver uma superfície leitosa, a doença surge inicialmente em um homem no trânsito e, pouco a pouco, se espalha pelo país. À medida que os afetados são colocados em quarentena e os serviços oferecidos pelo Estado começam a falhar as pessoas passam a lutar por suas necessidades básicas, expondo seus instintos primários. Nesta situação a única pessoa que ainda consegue enxergar é a mulher de um médico (Julianne Moore), que juntamente com um grupo de internos tenta encontrar a humanidade perdida.', '445', 'NÃO', TO_DATE('2008', 'YYYY'), '121', 'Drama, Suspense');
INSERT INTO filme VALUES('116', 'Gran Torino', 'Walt Kowalski (Clint Eastwood) é um inflexível veterano da Guerra da Coréia, agora aposentado. Para passar o tempo ele faz consertos, bebe cerveja e vai mensalmente ao barbeiro (John Carroll Lynch). Sua vida é alterada quando passa a ter como vizinhos imigrantes hmong, vindos do Laos. Ressentido e desconfiando de todos, Walt apenas deseja passar o tempo que lhe resta de vida. Até que Thao (Bee Vang), seu tímido vizinho adolescente, é obrigado por uma gangue a roubar o carro do veterano, um Gran Torino retirado da linha de montagem pelo próprio.', '445', 'NÃO', TO_DATE('2008', 'YYYY'), '120', 'Drama');
INSERT INTO filme VALUES('117', 'Em Bruges', 'Bruges, Bélgica. Ray (Colin Farrell) e Ken (Brendan Gleeson) são dois matadores enviados à cidade por seu chefe, Harry Waters (Ralph Fiennes), para que possam descansar após um trabalho difícil. Deslocados, eles passam a agir como turistas. Ray ainda está assustado com a carnificina de seu trabalho anterior, o que faz com que deteste tudo em Bruges, mas Ken cada vez mais se apaixona pela calmaria e beleza da cidade.', '445', 'NÃO', TO_DATE('2008', 'YYYY'), '107', 'Comédia, Ação');
INSERT INTO filme VALUES('118', 'Foi Apenas Um Sonho', 'Anos 50. Frank (Leonardo DiCaprio) e April (Kate Winslet) formam um casal feliz. Eles sempre se consideraram especiais e prontos para levar uma vida seguindo ideais. Ao se mudarem para uma casa na Revolutionary Road eles ficam orgulhosos por declarar independência da inércia suburbana que os rodeava. Porém logo eles percebem que estão se tornando justamente aquilo que não queriam ser. Frank está em um trabalho insignificante e tem medo de tudo, enquanto que April é uma dona de casa infeliz. Decidida a mudar a situação, April propõe que comecem tudo de novo, deixando de lado o conforto da atual casa e recomeçando em Paris. Só que, para executar este plano, eles chegam aos seus extremos.', '445', 'NÃO', TO_DATE('2008', 'YYYY'), '119', 'Drama, Romance');
INSERT INTO filme VALUES('119', 'Sinédoque Nova Iorque', 'Caden Cotard (Philip Seymour Hoffman) é um diretor de teatro que está preparando uma nova peça, ao mesmo tempo em que enfrenta problemas pessoais. Sua esposa, Adele Lack (Catherine Keener), resolveu deixá-lo para morar em Berlim, levando consigo a filha Olive (Sadie Goldstein). Madeleine Gravis (Hope Davis), sua terapeuta, aparenta estar mais interessada em divulgar seu best seller do que em ajudá-lo. Preocupado com a vida e seu estado de saúde, cada vez mais debilitado, Caden decide reunir um grupo de atores em um armazém de Nova York. Lá ele pode enfim dar vazão à sua criatividade, buscando uma peça que seja cada vez mais um paralelo de sua própria vida.', '445', 'NÃO', TO_DATE('2008', 'YYYY'), '123', 'Drama');
INSERT INTO filme VALUES('120', 'O Cavaleiro das Trevas', 'Após dois anos desde o surgimento do Batman (Christian Bale), os criminosos de Gotham City têm muito o que temer. Com a ajuda do tenente James Gordon (Gary Oldman) e do promotor público Harvey Dent (Aaron Eckhart), Batman luta contra o crime organizado. Acuados com o combate, os chefes do crime aceitam a proposta feita pelo Coringa (Heath Ledger) e o contratam para combater o Homem-Morcego.', '445', 'NÃO', TO_DATE('2008', 'YYYY'), '152', 'Drama, Policial');
INSERT INTO filme VALUES('121', 'À Deriva', 'Búzios, início dos anos 80. Filipa (Laura Neiva) é uma adolescente de 14 anos que passa as férias com seus pais, Matias (Vincent Cassel) e Clarice (Débora Bloch), e ainda os irmãos Fernanda (Izadora Armelin) e Antônio (Max Huzar). Clarice está sempre embriagada, destilando veneno contra o marido. Já Matias está mais preocupado em concluir seu novo livro, o que o torna desleixado em relação aos problemas da famíia. Filipa vive à margem desta situação, até que um dia flagra o pai beijando Ângela (Camilla Belle), uma bela americana que mora no local.', '445', 'SIM', TO_DATE('2009', 'YYYY'), '110', 'Drama');
INSERT INTO filme VALUES('122', 'Anticristo', 'Casal (Willem Dafoe e Charlotte Gainsbourg) devastado com morte do único filho muda-se para uma casa no meio da floresta para superar o episódio. Mas os questionamentos do marido, psicanalista, sobre a dor do luto e o desespero de sua esposa desencadeiam uma espiral de acontecimentos misteriosos e assustadores. E as consequências dessa investigação psicológica são as piores possíveis. ', '445', 'NÃO', TO_DATE('2009', 'YYYY'), '108', 'Terror, Drama');
INSERT INTO filme VALUES('123', 'Coraline', 'Entediada em sua nova casa, Caroline Jones (Dakota Fanning) um dia encontra uma porta secreta. Através dela tem acesso a uma outra versão de sua própria vida, a qual aparentemente é bem parecida com a que leva. A diferença é que neste outro lado tudo parece ser melhor, inclusive as pessoas com quem convive. Caroline se empolga com a descoberta, mas logo descobre que há algo de errado quando seus pais alternativos tentam aprisioná-la neste novo mundo.', '445', 'NÃO', TO_DATE('2009', 'YYYY'), '100', 'Animação, Fantasia, Suspense');
INSERT INTO filme VALUES('124', 'Enter the Void', 'Oscar, um usuário de drogas pesadas, cuja irmã Linda é uma stripper, tem flashbacks de sua infância como o trauma da morte de seus pais e alucinações desconcertantes. Em uma transação de venda de drogas, Oscar é morto pela polícia, mas agora ele pode flutuar acima e olhar para baixo: no sofrimento de sua irmã e sobre a vida, mesmo em um nível molecular. As cores do espectro podem ser bonitas. E o que dizer da vida após a morte, há apenas mais de um vazio? ', '445', 'NÃO', TO_DATE('2009', 'YYYY'), '161', 'Fantasia, Drama');
INSERT INTO filme VALUES('125', 'Bastardos Inglórios', '2ª Guerra Mundial. A França está ocupada pelos nazistas. O tenente Aldo Raine (Brad Pitt) é o encarregado de reunir um pelotão de soldados de origem judaica, com o objetivo de realizar uma missão suicida contra os alemães. O objetivo é matar o maior número possível de nazistas, da forma mais cruel possível. Paralelamente Shosanna Dreyfuss (Mélanie Laurent) assiste a execução de sua família pelas mãos do coronel Hans Landa (Christoph Waltz), o que faz com que fuja para Paris. Lá ela se disfarça como operadora e dona de um cinema local, enquanto planeja um meio de se vingar.', '445', 'NÃO', TO_DATE('2009', 'YYYY'), '154', 'Drama, Ação');
INSERT INTO filme VALUES('126', 'Mary e Max', 'Mary Daisy Dinkle (Toni Collette) é uma menina solitária de oito anos, que vive em Melbourne, na Austrália. Max Jerry Horovitz (Philip Seymour Hoffman) tem 44 anos e vive em Nova York. Obeso e também solitário, ele tem Síndrome de Asperger. Mesmo com tamanha distância e a diferença de idade existente entre eles, Mary e Max desenvolvem uma forte amizade, que transcorre de acordo com os altos e baixos da vida.', '445', 'NÃO', TO_DATE('2009', 'YYYY'), '94', 'Animação, Drama, Independente');
INSERT INTO filme VALUES('127', 'Mr. Nobody', 'Marido de Elise (Sarah Polley) e pai de três filhos, Nemo Nobody (Jared Leto) leva uma vida comum ao lado de sua família. Ele acorda no ano de 2092 e agora, com 118 anos, é o último mortal em um planeta de seres humanos imortais. As suas preocupações, contudo, envolvem outras questões, como o que aconteceu durante a passagem de tempo e se viveu sua vida como gostaria. ', '445', 'NÃO', TO_DATE('2009', 'YYYY'), '157', 'Fantasia, Drama');
INSERT INTO filme VALUES('128', 'Polytechnique', '6 de Dezembro de 1989, um homem armado entra na Escola Politécnica de Montréal, uma instituição voltada para a formação de engenheiros. Ele atira nos estudantes, causando um massacre. O ataque é resultado de um plano de sete anos e os alvos foram pré-escolhidos. Os eventos são contados a partir de três pontos de vista: o do atirador (Maxim Gaudette), que conta seus motivos e culpa terceiros pelo que acontece, o de uma aluna chamada Valérie (Karine Vanasse), e o de seu amigo Jean-François (Martin Watier). ', '445', 'NÃO', TO_DATE('2009', 'YYYY'), '77', 'Drama, Histótrico');
INSERT INTO filme VALUES('129', 'Tempos de Paz', '18 de abril de 1945. Durante anos centenas de pessoas foram torturadas pelo regime de Getúlio Vargas mas, com a pressão externa decorrente do fim da 2ª Guerra Mundial, vários presos políticos ganharam a liberdade. Segismundo (Tony Ramos) é um ex-oficial da polícia política de Vargas que agora teme que suas vítimas resolvam se vingar. Ele trabalha como chefe da seção de imigração na Alfândega do Rio de Janeiro, tendo por função evitar a entrada de nazistas. Em uma averiguação habitual, ele interroga Clausewitz (Dan Stulbach), um ex-ator polonês que, por recitar Carlos Drummond de Andrade, lhe foi enviado por um subalterno. Para convencer que não é nazista, Clausewitz precisa usar todo o seu talento como ator.', '445', 'SIM', TO_DATE('2009', 'YYYY'), '80', 'Drama, Histórico');
INSERT INTO filme VALUES('130', 'Watchmen', 'Em 1977 foi aprovada pelo congresso norte-americano a Lei Keene, que proibia as atividades de mascarados no combate ao crime. Isto fez com que vários super-heróis deixassem a carreira, como o Coruja (Patrick Wilson) e Espectral (Malin Akerman). Outros, como o Comediante (Jeffrey Dean Morgan) e o Dr. Manhattan (Billy Crudup), passaram a trabalhar para o governo. Dois anos antes da implementação desta lei Adrian Veidt (Matthew Goode) decidiu revelar sua identidade como Ozymandias, dedicando-se a partir de então na construção de um império econômico. Em 1985 o mundo vive o clima da Guerra Fria, no qual um ataque nuclear pode acontecer a qualquer momento, vindo dos Estados Unidos ou da União Soviética. Neste clima de tensão política Edward Blake, o Comediante, é assassinado. Em seu funeral comparecem, em momentos diversos, seus antigos companheiros. Entre eles está Rorschach (Jackie Earle Haley), que acredita que sua morte seja o indício da existência de um assassino de mascarados.', '445', 'NÃO', TO_DATE('2009', 'YYYY'), '215', 'Drama');

/**
   *Tabela exibicaoFilme
   * @idPr,           chave primaria
   * @dataExFi        chave prim·ria
   * @horaInicioExFi  chave prim·ria
   * @horaFimExFi
   * @ibopeExFi **/
   
INSERT INTO exibicaoFilme('24', TO_DATE('25.04.2016', 'DD.MM.YYYY'), '22h00min', '23h24min', '4');
INSERT INTO exibicaoFilme('24', TO_DATE('27.07.2016', 'DD.MM.YYYY'), '23h00min', '00h24min', '5');
INSERT INTO exibicaoFilme('24', TO_DATE('13.10.2016', 'DD.MM.YYYY'), '21h00min', '22h24min');

INSERT INTO exibicaoFilme('25', TO_DATE('11.01.2016', 'DD.MM.YYYY'), '22h00min', '00h21min', '6');
INSERT INTO exibicaoFilme('25', TO_DATE('01.07.2016', 'DD.MM.YYYY'), '03h00min', '05h21min', '1');
INSERT INTO exibicaoFilme('25', TO_DATE('07.09.2016', 'DD.MM.YYYY'), '07h00min', '09h21min', '3');

INSERT INTO exibicaoFilme('65', TO_DATE('24.02.2016', 'DD.MM.YYYY'), '22h00min', '23h45min', '5');
INSERT INTO exibicaoFilme('65', TO_DATE('08.08.2016', 'DD.MM.YYYY'), '18h00min', '19h45min', '2');
INSERT INTO exibicaoFilme('65', TO_DATE('01.05.2016', 'DD.MM.YYYY'), '02h00min', '03h45min', '2');

INSERT INTO exibicaoFilme('49', TO_DATE('05.07.2016', 'DD.MM.YYYY'), '08h00min', '09h30min', '4');
INSERT INTO exibicaoFilme('49', TO_DATE('05.08.2016', 'DD.MM.YYYY'), '09h30min', '11h00min', '5');
INSERT INTO exibicaoFilme('49', TO_DATE('10.09.2016', 'DD.MM.YYYY'), '10h30min', '12h00min', '6');

INSERT INTO exibicaoFilme('69', TO_DATE('15.07.2016', 'DD.MM.YYYY'), '22h00min', '00h02min', '8');
INSERT INTO exibicaoFilme('69', TO_DATE('25.10.2016', 'DD.MM.YYYY'), '22h00min', '00h02min');

INSERT INTO exibicaoFilme('90', TO_DATE('10.04.2016', 'DD.MM.YYYY'), '00h00min', '02h10min', '3');
INSERT INTO exibicaoFilme('90', TO_DATE('30.11.2016', 'DD.MM.YYYY'), '23h00min', '01h10min');

INSERT INTO exibicaoFilme('44', TO_DATE('03.03.2016', 'DD.MM.YYYY'), '15h00min', '16h56min', '4');
INSERT INTO exibicaoFilme('44', TO_DATE('02.12.2016', 'DD.MM.YYYY'), '19h00min', '20h56min');

INSERT INTO exibicaoFilme('105', TO_DATE('20.02.2016', 'DD.MM.YYYY'), '23h30min', '02h01min', '2');
INSERT INTO exibicaoFilme('105', TO_DATE('13.04.2016', 'DD.MM.YYYY'), '22h00min', '00h31min', '3');

INSERT INTO exibicaoFilme('98', TO_DATE('03.01.2016', 'DD.MM.YYYY'), '21h00min', '23h03min', '4');
INSERT INTO exibicaoFilme('130', TO_DATE('25.01.2017', 'DD.MM.YYYY'), '14h00min', '17h35min');
INSERT INTO exibicaoFilme('2', TO_DATE('30.09.2016', 'DD.MM.YYYY'), '04h00min', '05h50min');
INSERT INTO exibicaoFilme('40', TO_DATE('05.05.2016', 'DD.MM.YYYY'), '18h00min', '21h49min', '6');
INSERT INTO exibicaoFilme('42', TO_DATE('26.04.2016', 'DD.MM.YYYY'), '23h00min', '01h00min', '3');
INSERT INTO exibicaoFilme('137', TO_DATE('01.03.2016', 'DD.MM.YYYY'), '16h00min', '17h53min', '7');
INSERT INTO exibicaoFilme('79', TO_DATE('17.06.2016', 'DD.MM.YYYY'), '00h00min', '01h43min', '1');
INSERT INTO exibicaoFilme('95', TO_DATE('03.06.2016', 'DD.MM.YYYY'), '01h00min', '02h57min', '2');
INSERT INTO exibicaoFilme('157', TO_DATE('15.08.2016', 'DD.MM.YYYY'), '06h00min', '08h46min', '5');
INSERT INTO exibicaoFilme('84', TO_DATE('06.04.2016', 'DD.MM.YYYY'), '17h00min', '19h04min', '4');


-- INSERIR JORNAL

/* idPr NUMBER(5) NOT NULL,
   tituloPr VARCHAR2(50),
   descricaoPr VARCHAR2(200),
   idDe NUMBER(3),
   duracaoJo NUMBER(3),
   abrangenciaJo VARCHAR2(20),*/
   
INSERT INTO jornal VALUES('12345','Bom Dia Brasil', 'Jornal matinal', '789', '080', 'Nacional')
INSERT INTO jornal VALUES('10005','EPTV', 'Jornal regional', '789', '050', 'Regional')
INSERT INTO jornal VALUES('13154','Jornal Nacional', 'Principal jornal da emissora', '789', '100', 'Nacional')
INSERT INTO jornal VALUES('14552','Jornal Hoje', 'Jornal da tarde', '789', '060', 'Nacional')

-- EXIBE JORNAL

/*idPr NUMBER(5) NOT NULL, 
  idFu NUMBER(8) NOT NULL, 
  dataExJo DATE NOT NULL, 
  horaInicioExJo VARCHAR2(8) NOT NULL, 
  horaFimExJo VARCHAR2(8), --check se horario È maior
  ibopeExJo NUMBER(2,2),*/
  

-- COMERCIAL

/*
idPr NUMBER(5) NOT NULL, 
  tituloPr VARCHAR2(20), 
  descricaoPr VARCHAR2(200), 
  idDe NUMBER(3),
  */
  
INSERT INTO comercial VALUES ('23453', 'Novo Cruise', 'Chevrolet Cruise 2017', '445')
INSERT INTO comercial VALUES ('29023', 'Avon com Karol', 'Nova linha de produtos da Avon', '445')
INSERT INTO comercial VALUES ('26536', 'Esquadrao Suicida', 'Trailer do novo filme Esquadrao Suicida', '445')
INSERT INTO comercial VALUES ('25635', 'Mr Musuculo', 'Comercial do produto de limpeza Mr Musuculo', '445')
INSERT INTO comercial VALUES ('26536', 'Banco do Brasil', 'Abra uma conta no Banco do Brasil', '445')
INSERT INTO comercial VALUES ('25673', 'Digitau', 'Novo comercial do Itau', '445')
INSERT INTO comercial VALUES ('27637', 'Presunto Sadia', 'Apresentacao do novo presunto sadia sem gordura', '445')
INSERT INTO comercial VALUES ('26764', 'Run Adidas', 'Nova linha de corrida adidas', '445')
INSERT INTO comercial VALUES ('27637', 'Novo Samsung', 'Apresentacao do novo samsung s7', '445')
INSERT INTO comercial VALUES ('24674', 'iPhone 7', 'Apresentacao do novo iPhone da Apple', '445')
INSERT INTO comercial VALUES ('24764', 'NET Combo', 'Promocao Net Combo', '445')
INSERT INTO comercial VALUES ('24784', 'Claro Plano Familia', 'Apresenta a linha familiar da claro para menor preco', '445')
INSERT INTO comercial VALUES ('29200', 'Vivo TV', 'Novos pacotes de tv com desconto', '445')
INSERT INTO comercial VALUES ('20094', 'Promocoes Casas Bahia', 'Promocoes de setembro', '445')
INSERT INTO comercial VALUES ('21099', 'Pequenos Precos Walmart', 'promocoes da semana do walmart', '445')
INSERT INTO comercial VALUES ('23333', 'Raid', 'Divulgacao da nova formula de Raid', '445')
INSERT INTO comercial VALUES ('23444', 'Lojas Americanas', 'Promocoes do mes', '445')
INSERT INTO comercial VALUES ('27565', 'Oculos Chilli Beans', 'Novidades nas lojas', '445')
INSERT INTO comercial VALUES ('27777', 'Lançamentos Passarela', 'Novidades das lojas passarela', '445')
INSERT INTO comercial VALUES ('29999', 'XBOX Live', 'Divulgacao da rede do xbox', '445')

/**
  *Tabela de cliente
  * @cnpjCl,
  * @nomeCompletoCl,
  * @nomeFantasiaCl
  **/

INSERT INTO cliente VALUES ('42.064.632/0001-69', 'Gmac Administradora de Consorcios Ltda.' , 'Consorcio Nacional Chevrolet')
INSERT INTO cliente VALUES ('45.610.956/0001-43', 'Avon Cosmeticos Ltda.' , 'Avon')
INSERT INTO cliente VALUES ('03.082.623/0001-49', 'Warner Bros Entertainment Inc' ,  'Warner Bros Studios')
INSERT INTO cliente VALUES ('69.351.243/0001-70', 'Sc Johnson & Son de Argentina Saic' , 'SC Johnson')
INSERT INTO cliente VALUES ('19.002.876/0001-04', 'Banco Mercantil do Brasil Sa' , 'Banco do Brasil')
INSERT INTO cliente VALUES ('07.400.431/0001-94', 'Itau Unibanco S.A.' , 'Itau')
INSERT INTO cliente VALUES ('36.973.232/0001-73', 'Comercio Alimenticio Sadia Ltda.' , 'Sadia')
INSERT INTO cliente VALUES ('57.038.652/0001-32', 'Adidas do Brasil Ltda' , 'Adidas')
INSERT INTO cliente VALUES ('48.084.184/0001-41', 'Samsung S.A.' , 'Samsung')
INSERT INTO cliente VALUES ('50.923.414/0001-60', 'Apple Inc.' , 'Apple')
INSERT INTO cliente VALUES ('19.310.585/0001-74', 'Telecom Net S/A Logistica Digital' , 'NET')
INSERT INTO cliente VALUES ('12.615.501/0001-61', 'Claro S.A.' , 'Claro')
INSERT INTO cliente VALUES ('28.386.593/0001-95', 'Telefonica Brasil S.A.' , 'Vivo')
INSERT INTO cliente VALUES ('20.653.075/0001-89', 'Casa Bahia Comercial Ltda. ' , 'Casas Bahia')
INSERT INTO cliente VALUES ('38.377.766/0001-62', 'WalMart Brasil Ltda' , 'Walmart')
INSERT INTO cliente VALUES ('65.257.376/0001-21', 'Lojas Americanas S.A.' , 'Lojas Americanas')
INSERT INTO cliente VALUES ('81.754.726/0001-11', 'Chilli Beans S.A.' , 'Chilli Beans')
INSERT INTO cliente VALUES ('84.707.920/0001-34', 'Passarela Modas Ltda' , 'Passarela')
INSERT INTO cliente VALUES ('48.987.632/0001-69', 'Microsoft Informatica Ltda' , 'Microsoft')



/**
  *Tabela de exibicao de comercial
  * @idPr,
  * @ dataExCo,
  * @horaInicioExCo,
  * @horaFimExCo,
  * @precoExCo,
  * @cnpjCl**/
  
/** Tabela de novela
  * @idPr
  * @tituloPr
  * @descricaoPr
  * @idDe
  * @producaoNacionalEn **/
    
INSERT INTO novela VALUES ('34567', 'Malhacao 2016', 'Temporada 2016 de malhacao', '445','SIM')
INSERT INTO novela VALUES ('30008', 'Sol Nascente', 'Novela das 6 de 2016-2017', '445', 'SIM')
INSERT INTO novela VALUES ('35000', 'Velho Chico', 'Novela das 9 exibida em 2016', '445', 'SIM' ) 
INSERT INTO novela VALUES ('38888', 'Liberdade, Liberdade', 'Novela das 11 exibidade em 2016', '445', 'SIM')

/**
  *Tabela de episodios da novela
  * @idPr
  * @nroEpNo
  * @resumoEpNo
  * @duracaoEpNo **/
  
/**
  * Tabela de exibicao de novela
  * @idPr
  * @nroEpNo
  * @dataExNo
  * @horaInicioExNo
  * @horaFimExNo
  * @ibopeExNo **/
  
/**
  * Tabela de valor do comercial
  * @anoVaCo
  * @diaSemanaVaCo
  * @horaInicioVaCo
  * @precoPorSegundoVaCo **/